height,width,time,type,scrollX,scrollY
810,1535,688.3,mousemove,0,0
810,1535,738.3,mouseout,0,0
810,1535,738.3,mouseover,0,0
810,1535,738.3,mousemove,0,0
810,1535,1011.3,mousemove,0,0
810,1535,1024.3,mousemove,0,0
810,1535,1036.3,mousemove,0,0
810,1535,1048.3,mousemove,0,0
810,1535,1061.3,mousemove,0,0
810,1535,1073.3,mousemove,0,0
810,1535,1086.3,mouseout,0,0
810,1535,1086.3,mouseover,0,0
810,1535,1086.3,mousemove,0,0
810,1535,1098.3,mousemove,0,0
810,1535,1111.3,mousemove,0,0
810,1535,1123.3,mousemove,0,0
810,1535,1136.3,mousemove,0,0
810,1535,1148.3,mousemove,0,0
810,1535,1161.3,mousemove,0,0
810,1535,1173.3,mousemove,0,0
810,1535,1404.71,scroll,0,3
810,1535,1415.625,scroll,0,8
810,1535,1432.38,scroll,0,19
810,1535,1449.24,scroll,0,37
810,1535,1465.96,scroll,0,68
810,1535,1483.665,scroll,0,120
810,1535,1499.425,scroll,0,196
810,1535,1516.3,scroll,0,285
810,1535,1533.46,scroll,0,380
810,1535,1549.39,scroll,0,474
810,1535,1565.76,scroll,0,558
810,1535,1582.855,scroll,0,629
810,1535,1632.38,scroll,0,714
810,1535,1649.25,scroll,0,715
810,1535,1749.35,mouseout,0,715
810,1535,1749.35,mouseover,0,715
810,1535,1749.35,mousemove,0,715
810,1535,1799.765,scroll,0,717
810,1535,1815.8,scroll,0,724
810,1535,1832.955,scroll,0,740
810,1535,1849.42,scroll,0,775
810,1535,1866.875,scroll,0,840
810,1535,1883.14,scroll,0,931
810,1535,1900.2,scroll,0,1045
810,1535,1916.405,scroll,0,1171
810,1535,1933.06,scroll,0,1288
810,1535,1950.085,scroll,0,1389
810,1535,1966.255,scroll,0,1468
810,1535,1982.815,scroll,0,1516
810,1535,1999.82,scroll,0,1536
810,1535,2016.395,scroll,0,1540
810,1535,2116.545,mouseout,0,1540
810,1535,2116.545,mouseover,0,1540
810,1535,2116.545,mousemove,0,1540
810,1535,2183.935,scroll,0,1543
810,1535,2199.73,scroll,0,1558
810,1535,2217.62,scroll,0,1586
810,1535,2233.61,scroll,0,1637
810,1535,2250.685,scroll,0,1722
810,1535,2266.53,scroll,0,1842
810,1535,2283.23,scroll,0,1971
810,1535,2300.415,scroll,0,2092
810,1535,2317.055,scroll,0,2197
810,1535,2333.915,scroll,0,2284
810,1535,2350.465,scroll,0,2348
810,1535,2367.395,scroll,0,2380
810,1535,2384.22,scroll,0,2389
810,1535,2400.965,scroll,0,2390
810,1535,2502.24,mouseout,0,2390
810,1535,2502.24,mouseover,0,2390
810,1535,2502.24,mousemove,0,2390
810,1535,2567.245,scroll,0,2393
810,1535,2583.95,scroll,0,2402
810,1535,2600.775,scroll,0,2423
810,1535,2616.97,scroll,0,2465
810,1535,2634.035,scroll,0,2531
810,1535,2651.275,scroll,0,2611
810,1535,2667.095,scroll,0,2697
810,1535,2684.38,scroll,0,2786
810,1535,2701.49,scroll,0,2869
810,1535,2717.62,scroll,0,2940
810,1535,2734.205,scroll,0,2996
810,1535,2750.76,scroll,0,3034
810,1535,2767.59,scroll,0,3054
810,1535,2784.59,scroll,0,3062
810,1535,2801.635,scroll,0,3064
810,1535,2902.46,mouseout,0,3064
810,1535,2902.46,mouseover,0,3064
810,1535,2902.46,mousemove,0,3064
810,1535,3017.835,scroll,0,3070
810,1535,3035.49,scroll,0,3095
810,1535,3051.55,scroll,0,3150
810,1535,3068.375,scroll,0,3236
810,1535,3084.715,scroll,0,3345
810,1535,3101.075,scroll,0,3469
810,1535,3118.78,scroll,0,3589
810,1535,3135.05,scroll,0,3680
810,1535,3152.515,scroll,0,3740
810,1535,3218.53,scroll,0,3717
810,1535,3235.235,scroll,0,3657
810,1535,3251.22,scroll,0,3594
810,1535,3285.075,scroll,0,3502
810,1535,3301.81,scroll,0,3481
810,1535,3318.695,scroll,0,3478
810,1535,3418.84,mousemove,0,3478
810,1535,3468.475,scroll,0,3479
810,1535,3486.34,scroll,0,3483
810,1535,3501.97,scroll,0,3494
810,1535,3519.255,scroll,0,3511
810,1535,3535.23,scroll,0,3535
810,1535,3552.295,scroll,0,3567
810,1535,3569.35,scroll,0,3604
810,1535,3585.3,scroll,0,3643
810,1535,3602.155,scroll,0,3679
810,1535,3619.365,scroll,0,3708
810,1535,3635.9,scroll,0,3727
810,1535,3652.7,scroll,0,3737
810,1535,3668.635,scroll,0,3740
810,1535,3768.78,mousemove,0,3740
810,1535,4235.87,scroll,0,3737
810,1535,4252.54,scroll,0,3728
810,1535,4287.005,scroll,0,3623
810,1535,4303.875,scroll,0,3504
810,1535,4320.035,scroll,0,3361
810,1535,4336.335,scroll,0,3210
810,1535,4353.275,scroll,0,3070
810,1535,4370.045,scroll,0,2945
810,1535,4386.91,scroll,0,2838
810,1535,4404.09,scroll,0,2750
810,1535,4420.105,scroll,0,2678
810,1535,4436.445,scroll,0,2617
810,1535,4453.87,scroll,0,2566
810,1535,4470.705,scroll,0,2523
810,1535,4487.02,scroll,0,2485
810,1535,4503.475,scroll,0,2451
810,1535,4520.705,scroll,0,2420
810,1535,4536.73,scroll,0,2392
810,1535,4553.495,scroll,0,2366
810,1535,4570.99,scroll,0,2340
810,1535,4587.595,scroll,0,2316
810,1535,4603.545,scroll,0,2292
810,1535,4620.965,scroll,0,2269
810,1535,4637.455,scroll,0,2247
810,1535,4653.495,scroll,0,2224
810,1535,4687.17,scroll,0,2138
810,1535,4703.88,scroll,0,2038
810,1535,4720.66,scroll,0,1896
810,1535,4737.355,scroll,0,1742
810,1535,4753.58,scroll,0,1595
810,1535,4771.225,scroll,0,1464
810,1535,4787.135,scroll,0,1354
810,1535,4804.34,scroll,0,1265
810,1535,4821.12,scroll,0,1193
810,1535,4837.965,scroll,0,1138
810,1535,4854.545,scroll,0,1095
810,1535,4871.165,scroll,0,1059
810,1535,4887.275,scroll,0,1029
810,1535,4904.15,scroll,0,1003
810,1535,4920.975,scroll,0,980
810,1535,4937.765,scroll,0,958
810,1535,4954.205,scroll,0,936
810,1535,4970.97,scroll,0,916
810,1535,4987.975,scroll,0,895
810,1535,5003.99,scroll,0,874
810,1535,5020.825,scroll,0,851
810,1535,5038.155,scroll,0,828
810,1535,5054.82,scroll,0,804
810,1535,5070.955,scroll,0,780
810,1535,5088.23,scroll,0,756
810,1535,5105.08,scroll,0,733
810,1535,5121.645,scroll,0,712
810,1535,5137.605,scroll,0,692
810,1535,5154.76,scroll,0,667
810,1535,5172,scroll,0,635
810,1535,5188.08,scroll,0,584
810,1535,5204.88,scroll,0,503
810,1535,5233.93,scroll,0,387
810,1535,5271.755,scroll,0,53
810,1535,5287.69,scroll,0,10
810,1535,5305.07,scroll,0,0
810,1535,5406.095,mouseout,0,0
810,1535,5406.095,mouseover,0,0
810,1535,5406.095,mousemove,0,0
810,1535,6021.725,scroll,0,2
810,1535,6039.29,scroll,0,10
810,1535,6056.525,scroll,0,30
810,1535,6072.52,scroll,0,76
810,1535,6089.445,scroll,0,155
810,1535,6106.78,scroll,0,270
810,1535,6123.045,scroll,0,408
810,1535,6139.72,scroll,0,542
810,1535,6156.185,scroll,0,652
810,1535,6156.3,mouseout,0,652
810,1535,6156.3,mouseover,0,652
810,1535,6156.3,mousemove,0,652
810,1535,6173.075,scroll,0,733
810,1535,6189.535,scroll,0,786
810,1535,6206.02,scroll,0,817
810,1535,6223.345,scroll,0,833
810,1535,6239.725,scroll,0,846
810,1535,6256.26,scroll,0,857
810,1535,6272.66,scroll,0,867
810,1535,6289.64,scroll,0,877
810,1535,6306.515,scroll,0,886
810,1535,6323.13,scroll,0,895
810,1535,6340.5,scroll,0,905
810,1535,6356.24,scroll,0,915
810,1535,6373.25,scroll,0,924
810,1535,6390.23,scroll,0,935
810,1535,6406.635,scroll,0,945
810,1535,6423.05,scroll,0,956
810,1535,6440.165,scroll,0,967
810,1535,6456.865,scroll,0,979
810,1535,6473.565,scroll,0,990
810,1535,6489.905,scroll,0,1005
810,1535,6506.73,scroll,0,1027
810,1535,6523.075,scroll,0,1070
810,1535,6539.92,scroll,0,1154
810,1535,6557.365,scroll,0,1281
810,1535,6573.56,scroll,0,1431
810,1535,6590.03,scroll,0,1583
810,1535,6590.3,mouseout,0,1583
810,1535,6590.3,mouseover,0,1583
810,1535,6590.3,mousemove,0,1583
810,1535,6602.3,mousemove,0,1583
810,1535,6607.38,scroll,0,1721
810,1535,6623.81,scroll,0,1841
810,1535,6641.295,scroll,0,1943
810,1535,6657.685,scroll,0,2027
810,1535,6674.105,scroll,0,2096
810,1535,6691.06,scroll,0,2151
810,1535,6706.69,scroll,0,2195
810,1535,6723.405,scroll,0,2232
810,1535,6740.765,scroll,0,2265
810,1535,6757.49,scroll,0,2294
810,1535,6774.045,scroll,0,2321
810,1535,6790.42,scroll,0,2346
810,1535,6806.975,scroll,0,2371
810,1535,6823.775,scroll,0,2394
810,1535,6840.765,scroll,0,2417
810,1535,6857.62,scroll,0,2442
810,1535,6873.965,scroll,0,2467
810,1535,6891.265,scroll,0,2494
810,1535,6907.075,scroll,0,2523
810,1535,6924.74,scroll,0,2551
810,1535,6940.44,scroll,0,2582
810,1535,6957.69,scroll,0,2613
810,1535,6973.93,scroll,0,2645
810,1535,6990.485,scroll,0,2678
810,1535,7007.74,scroll,0,2710
810,1535,7024.425,scroll,0,2740
810,1535,7041.295,scroll,0,2769
810,1535,7058.225,scroll,0,2797
810,1535,7073.88,scroll,0,2829
810,1535,7090.905,scroll,0,2876
810,1535,7107.83,scroll,0,2952
810,1535,7124.255,scroll,0,3064
810,1535,7140.765,scroll,0,3197
810,1535,7158.105,scroll,0,3339
810,1535,7174.93,scroll,0,3472
810,1535,7175.3,mouseout,0,3472
810,1535,7175.3,mouseover,0,3472
810,1535,7175.3,mousemove,0,3472
810,1535,7191.14,scroll,0,3585
810,1535,7207.89,scroll,0,3667
810,1535,7224.355,scroll,0,3714
810,1535,7240.94,scroll,0,3734
810,1535,7257.82,scroll,0,3739
810,1535,7275.1,scroll,0,3740
810,1535,7375.255,mousemove,0,3740
810,1535,7791.885,scroll,0,3739
810,1535,7808.7,scroll,0,3730
810,1535,7825.35,scroll,0,3681
810,1535,7841.97,scroll,0,3579
810,1535,7859.5,scroll,0,3452
810,1535,7875.79,scroll,0,3319
810,1535,7892.91,scroll,0,3195
810,1535,7908.665,scroll,0,3087
810,1535,7926.08,scroll,0,2994
810,1535,7942.44,scroll,0,2915
810,1535,7959.5,scroll,0,2849
810,1535,7975.83,scroll,0,2794
810,1535,7992.615,scroll,0,2750
810,1535,8009.325,scroll,0,2712
810,1535,8025.27,scroll,0,2679
810,1535,8059.725,scroll,0,2620
810,1535,8076.185,scroll,0,2593
810,1535,8093.145,scroll,0,2568
810,1535,8109.405,scroll,0,2544
810,1535,8125.72,scroll,0,2519
810,1535,8143.23,scroll,0,2494
810,1535,8159.745,scroll,0,2468
810,1535,8175.51,scroll,0,2441
810,1535,8192.95,scroll,0,2412
810,1535,8208.97,scroll,0,2383
810,1535,8226.63,scroll,0,2354
810,1535,8243.495,scroll,0,2325
810,1535,8259.955,scroll,0,2296
810,1535,8276.755,scroll,0,2267
810,1535,8293.09,scroll,0,2237
810,1535,8310.01,scroll,0,2192
810,1535,8326.35,scroll,0,2128
810,1535,8343.215,scroll,0,2051
810,1535,8359.835,scroll,0,1965
810,1535,8376.52,scroll,0,1878
810,1535,8393.545,scroll,0,1799
810,1535,8409.66,scroll,0,1726
810,1535,8426.47,scroll,0,1662
810,1535,8442.72,scroll,0,1606
810,1535,8459.385,scroll,0,1557
810,1535,8492.85,scroll,0,1481
810,1535,8509.76,scroll,0,1453
810,1535,8526.605,scroll,0,1429
810,1535,8543.815,scroll,0,1410
810,1535,8560.025,scroll,0,1394
810,1535,8576.22,scroll,0,1378
810,1535,8593.93,scroll,0,1364
810,1535,8609.915,scroll,0,1351
810,1535,8627.215,scroll,0,1339
810,1535,8642.96,scroll,0,1328
810,1535,8659.745,scroll,0,1316
810,1535,8676.345,scroll,0,1305
810,1535,8693.535,scroll,0,1293
810,1535,8710.03,scroll,0,1282
810,1535,8727.29,scroll,0,1271
810,1535,8743.815,scroll,0,1259
810,1535,8760.33,scroll,0,1243
810,1535,8776.75,scroll,0,1219
810,1535,8794.02,scroll,0,1164
810,1535,8810.01,scroll,0,1063
810,1535,8827.46,scroll,0,940
810,1535,8844.305,scroll,0,815
810,1535,8860.63,scroll,0,701
810,1535,8876.95,scroll,0,601
810,1535,8894.43,scroll,0,514
810,1535,8910.35,scroll,0,446
810,1535,8927.6,scroll,0,392
810,1535,8944.475,scroll,0,348
810,1535,8960.155,scroll,0,313
810,1535,8977.225,scroll,0,283
810,1535,8994.435,scroll,0,255
810,1535,9010.785,scroll,0,233
810,1535,9026.88,scroll,0,211
810,1535,9044.65,scroll,0,190
810,1535,9060.965,scroll,0,170
810,1535,9076.92,scroll,0,151
810,1535,9093.875,scroll,0,131
810,1535,9110.345,scroll,0,111
810,1535,9128.025,scroll,0,92
810,1535,9144.17,scroll,0,73
810,1535,9161.23,scroll,0,55
810,1535,9178.065,scroll,0,40
810,1535,9194.77,scroll,0,27
810,1535,9210.765,scroll,0,16
810,1535,9227.33,scroll,0,9
810,1535,9244.945,scroll,0,4
810,1535,9250.3,mouseout,0,4
810,1535,9250.3,mouseover,0,4
810,1535,9250.3,mousemove,0,4
810,1535,9260.985,scroll,0,1
810,1535,9263.3,mousemove,0,1
810,1535,9274.3,mousemove,0,1
810,1535,9277.495,scroll,0,0
810,1535,9299.3,mousemove,0,0
810,1535,9312.3,mousemove,0,0
810,1535,9325.3,mousemove,0,0
810,1535,9337.3,mousemove,0,0
810,1535,9350.3,mouseout,0,0
810,1535,9350.3,mouseover,0,0
810,1535,9350.3,mousemove,0,0
810,1535,9362.3,mousemove,0,0
810,1535,9375.3,mouseout,0,0
810,1535,9375.3,mouseover,0,0
810,1535,9375.3,mousemove,0,0
810,1535,9387.3,mousemove,0,0
810,1535,9398.3,mousemove,0,0
810,1535,9412.3,mousemove,0,0
810,1535,9424.3,mousemove,0,0
810,1535,9437.3,mousemove,0,0
810,1535,9449.3,mousemove,0,0
810,1535,9462.3,mousemove,0,0
810,1535,9474.3,mousemove,0,0
810,1535,9487.3,mousemove,0,0
810,1535,9499.3,mousemove,0,0
810,1535,9511.3,mousemove,0,0
810,1535,9524.3,mousemove,0,0
810,1535,9536.3,mousemove,0,0
810,1535,9548.3,mousemove,0,0
810,1535,9964.3,mousedown,0,0
810,1535,9967.59,focusin,0,0
810,1535,10064.3,mouseup,0,0
810,1535,10102.36,scroll,0,1
810,1535,10115.39,scroll,0,6
810,1535,10141.395,scroll,0,9
810,1535,10154.425,scroll,0,13
810,1535,10167.325,scroll,0,17
810,1535,10181.37,scroll,0,28
810,1535,10206.365,scroll,0,34
810,1535,10219.35,scroll,0,42
810,1535,10233.085,scroll,0,57
810,1535,10258.38,scroll,0,67
810,1535,10271.315,scroll,0,75
810,1535,10284.305,scroll,0,85
810,1535,10297.915,scroll,0,108
810,1535,10323.305,scroll,0,118
810,1535,10336.345,scroll,0,131
810,1535,10349.32,scroll,0,155
810,1535,10375.345,scroll,0,170
810,1535,10388.36,scroll,0,183
810,1535,10401.335,scroll,0,196
810,1535,10415.19,scroll,0,226
810,1535,10440.38,scroll,0,241
810,1535,10453.4,scroll,0,257
810,1535,10466.37,scroll,0,287
810,1535,10492.37,scroll,0,304
810,1535,10505.39,scroll,0,320
810,1535,10518.46,scroll,0,336
810,1535,10531.425,scroll,0,369
810,1535,10557.39,scroll,0,385
810,1535,10570.38,scroll,0,402
810,1535,10583.28,scroll,0,417
810,1535,10598.085,scroll,0,451
810,1535,10622.415,scroll,0,468
810,1535,10635.35,scroll,0,483
810,1535,10648.72,scroll,0,516
810,1535,10674.395,scroll,0,532
810,1535,10687.345,scroll,0,548
810,1535,10700.39,scroll,0,563
810,1535,10715.44,scroll,0,593
810,1535,10739.355,scroll,0,607
810,1535,10752.38,scroll,0,622
810,1535,10765.295,scroll,0,649
810,1535,10791.395,scroll,0,662
810,1535,10804.35,scroll,0,674
810,1535,10817.51,scroll,0,686
810,1535,10831.185,scroll,0,709
810,1535,10856.415,scroll,0,720
810,1535,10869.38,scroll,0,730
810,1535,10882.36,scroll,0,748
810,1535,10908.42,scroll,0,757
810,1535,10921.42,scroll,0,765
810,1535,10934.475,scroll,0,772
810,1535,10948.425,scroll,0,785
810,1535,10973.38,scroll,0,790
810,1535,10986.42,scroll,0,795
810,1535,10999.31,scroll,0,802
810,1535,11025.42,scroll,0,805
810,1535,11038.43,scroll,0,807
810,1535,11051.435,scroll,0,809
810,1535,11077.785,scroll,0,810
810,1535,11177.935,mouseout,0,810
810,1535,11177.935,mouseover,0,810
810,1535,11177.935,mousemove,0,810
810,1535,11732.02,scroll,0,811
810,1535,11748.105,scroll,0,812
810,1535,11764.685,scroll,0,815
810,1535,11782.035,scroll,0,822
810,1535,11798.06,scroll,0,834
810,1535,11815.005,scroll,0,856
810,1535,11832.145,scroll,0,896
810,1535,11848.13,scroll,0,960
810,1535,11865.575,scroll,0,1038
810,1535,11882.075,scroll,0,1134
810,1535,11897.895,scroll,0,1239
810,1535,11914.68,scroll,0,1339
810,1535,11932.39,scroll,0,1428
810,1535,11948.345,scroll,0,1505
810,1535,11965.425,scroll,0,1571
810,1535,11981.84,scroll,0,1626
810,1535,11998.725,scroll,0,1669
810,1535,12014.9,scroll,0,1703
810,1535,12032.265,scroll,0,1728
810,1535,12048.825,scroll,0,1748
810,1535,12065,scroll,0,1766
810,1535,12082.215,scroll,0,1781
810,1535,12099.145,scroll,0,1796
810,1535,12115.2,scroll,0,1809
810,1535,12132.32,scroll,0,1822
810,1535,12148.77,scroll,0,1834
810,1535,12166.15,scroll,0,1846
810,1535,12181.875,scroll,0,1857
810,1535,12215.155,scroll,0,1880
810,1535,12232.945,scroll,0,1892
810,1535,12248.555,scroll,0,1904
810,1535,12266.235,scroll,0,1917
810,1535,12281.925,scroll,0,1929
810,1535,12298.755,scroll,0,1941
810,1535,12315.33,scroll,0,1953
810,1535,12332.875,scroll,0,1966
810,1535,12349.615,scroll,0,1978
810,1535,12365.675,scroll,0,1990
810,1535,12382.515,scroll,0,2002
810,1535,12399.73,scroll,0,2013
810,1535,12416.345,scroll,0,2024
810,1535,12432.2,scroll,0,2034
810,1535,12448.94,scroll,0,2044
810,1535,12466.55,scroll,0,2053
810,1535,12482.97,scroll,0,2061
810,1535,12499.6,scroll,0,2069
810,1535,12516.28,scroll,0,2076
810,1535,12532.995,scroll,0,2083
810,1535,12550.03,scroll,0,2091
810,1535,12566.64,scroll,0,2103
810,1535,12582.945,scroll,0,2122
810,1535,12599.88,scroll,0,2153
810,1535,12616.525,scroll,0,2200
810,1535,12632.76,scroll,0,2274
810,1535,12650.11,scroll,0,2384
810,1535,12666.2,scroll,0,2505
810,1535,12683.22,scroll,0,2621
810,1535,12699.72,scroll,0,2723
810,1535,12716.965,scroll,0,2811
810,1535,12732.64,scroll,0,2885
810,1535,12750.375,scroll,0,2945
810,1535,12767.07,scroll,0,2990
810,1535,12783.57,scroll,0,3025
810,1535,12800.29,scroll,0,3053
810,1535,12816.86,scroll,0,3077
810,1535,12833.385,scroll,0,3097
810,1535,12850.585,scroll,0,3115
810,1535,12866.23,scroll,0,3131
810,1535,12882.9,scroll,0,3147
810,1535,12900.25,scroll,0,3161
810,1535,12916.33,scroll,0,3176
810,1535,12932.89,scroll,0,3190
810,1535,12950.475,scroll,0,3204
810,1535,12966.455,scroll,0,3219
810,1535,12982.91,scroll,0,3233
810,1535,13000.45,scroll,0,3248
810,1535,13016.975,scroll,0,3264
810,1535,13035.62,scroll,0,3280
810,1535,13050.57,scroll,0,3296
810,1535,13067.325,scroll,0,3312
810,1535,13084.06,scroll,0,3329
810,1535,13100.575,scroll,0,3345
810,1535,13117.185,scroll,0,3362
810,1535,13134.05,scroll,0,3379
810,1535,13150.54,scroll,0,3395
810,1535,13166.665,scroll,0,3411
810,1535,13183.19,scroll,0,3427
810,1535,13200.765,scroll,0,3442
810,1535,13217.055,scroll,0,3456
810,1535,13234.415,scroll,0,3470
810,1535,13250.49,scroll,0,3483
810,1535,13267.27,scroll,0,3496
810,1535,13284.285,scroll,0,3507
810,1535,13301.155,scroll,0,3518
810,1535,13317.83,scroll,0,3528
810,1535,13333.5,scroll,0,3538
810,1535,13350.78,scroll,0,3546
810,1535,13367.375,scroll,0,3554
810,1535,13384.3,scroll,0,3560
810,1535,13400.56,scroll,0,3565
810,1535,13417.035,scroll,0,3569
810,1535,13434.465,scroll,0,3571
810,1535,13534.615,mouseout,0,3571
810,1535,13534.615,mouseover,0,3571
810,1535,13534.615,mousemove,0,3571
810,1535,13784.47,scroll,0,3572
810,1535,13800.91,scroll,0,3577
810,1535,13834.685,scroll,0,3600
810,1535,13850.995,scroll,0,3615
810,1535,13868.74,scroll,0,3632
810,1535,13885.385,scroll,0,3652
810,1535,13901.99,scroll,0,3672
810,1535,13918.71,scroll,0,3691
810,1535,13935.03,scroll,0,3708
810,1535,13951.83,scroll,0,3721
810,1535,13968.435,scroll,0,3731
810,1535,13985.38,scroll,0,3737
810,1535,14001.39,scroll,0,3739
810,1535,14018.975,scroll,0,3740
810,1535,14119.11,mouseout,0,3740
810,1535,14119.11,mouseover,0,3740
810,1535,14119.11,mousemove,0,3740
810,1535,14552.045,scroll,0,3739
810,1535,14568.89,scroll,0,3737
810,1535,14602.395,scroll,0,3699
810,1535,14619.37,scroll,0,3635
810,1535,14636.17,scroll,0,3534
810,1535,14653.035,scroll,0,3392
810,1535,14669.215,scroll,0,3213
810,1535,14686.38,scroll,0,3033
810,1535,14702.66,scroll,0,2872
810,1535,14719.45,scroll,0,2738
810,1535,14736.42,scroll,0,2626
810,1535,14752.72,scroll,0,2535
810,1535,14769.25,scroll,0,2465
810,1535,14786.225,scroll,0,2410
810,1535,14802.64,scroll,0,2364
810,1535,14819.95,scroll,0,2325
810,1535,14836.125,scroll,0,2290
810,1535,14853.34,scroll,0,2257
810,1535,14870.025,scroll,0,2226
810,1535,14886.84,scroll,0,2196
810,1535,14903.55,scroll,0,2166
810,1535,14919.29,scroll,0,2135
810,1535,14936.345,scroll,0,2103
810,1535,14953.325,scroll,0,2069
810,1535,14970.41,scroll,0,2036
810,1535,14987.045,scroll,0,2006
810,1535,15003.165,scroll,0,1980
810,1535,15019.835,scroll,0,1957
810,1535,15036.165,scroll,0,1938
810,1535,15053.115,scroll,0,1919
810,1535,15070.385,scroll,0,1878
810,1535,15086.66,scroll,0,1802
810,1535,15103.49,scroll,0,1693
810,1535,15120.095,scroll,0,1551
810,1535,15137.09,scroll,0,1381
810,1535,15152.97,scroll,0,1212
810,1535,15170.21,scroll,0,1063
810,1535,15186.53,scroll,0,936
810,1535,15203.105,scroll,0,831
810,1535,15219.9,scroll,0,745
810,1535,15236.97,scroll,0,674
810,1535,15253.92,scroll,0,618
810,1535,15270.725,scroll,0,571
810,1535,15286.725,scroll,0,530
810,1535,15303.6,scroll,0,494
810,1535,15320.3,scroll,0,462
810,1535,15336.745,scroll,0,433
810,1535,15353.35,scroll,0,405
810,1535,15370.525,scroll,0,377
810,1535,15386.83,scroll,0,349
810,1535,15404.17,scroll,0,320
810,1535,15420.145,scroll,0,289
810,1535,15437.565,scroll,0,255
810,1535,15453.97,scroll,0,220
810,1535,15470.56,scroll,0,186
810,1535,15487.58,scroll,0,155
810,1535,15503.84,scroll,0,128
810,1535,15520.325,scroll,0,104
810,1535,15537.055,scroll,0,82
810,1535,15553.94,scroll,0,61
810,1535,15571.23,scroll,0,43
810,1535,15587.205,scroll,0,28
810,1535,15604.425,scroll,0,17
810,1535,15621.08,scroll,0,9
810,1535,15637.33,scroll,0,4
810,1535,15654.05,scroll,0,1
810,1535,15670.925,scroll,0,0
810,1535,15771.06,mouseout,0,0
810,1535,15771.06,mouseover,0,0
810,1535,15771.06,mousemove,0,0
810,1535,16108.3,mousemove,0,0
810,1535,16325.3,mousedown,0,0
810,1535,16425.3,mouseup,0,0
810,1535,16455.36,scroll,0,1
810,1535,16468.215,scroll,0,3
810,1535,16481.145,scroll,0,5
810,1535,16494.29,scroll,0,8
810,1535,16507.93,scroll,0,16
810,1535,16533.21,scroll,0,21
810,1535,16546.215,scroll,0,27
810,1535,16559.145,scroll,0,40
810,1535,16585.245,scroll,0,47
810,1535,16598.17,scroll,0,55
810,1535,16611.12,scroll,0,64
810,1535,16624.245,scroll,0,83
810,1535,16650.14,scroll,0,93
810,1535,16663.165,scroll,0,104
810,1535,16676.155,scroll,0,127
810,1535,16702.18,scroll,0,140
810,1535,16715.195,scroll,0,152
810,1535,16728.185,scroll,0,165
810,1535,16741.23,scroll,0,193
810,1535,16767.21,scroll,0,207
810,1535,16780.15,scroll,0,222
810,1535,16793.175,scroll,0,252
810,1535,16819.205,scroll,0,267
810,1535,16832.195,scroll,0,283
810,1535,16845.175,scroll,0,299
810,1535,16858.125,scroll,0,331
810,1535,16884.195,scroll,0,347
810,1535,16897.22,scroll,0,364
810,1535,16910.165,scroll,0,380
810,1535,16924.335,scroll,0,413
810,1535,16949.205,scroll,0,430
810,1535,16962.23,scroll,0,446
810,1535,16975.18,scroll,0,479
810,1535,17001.175,scroll,0,495
810,1535,17014.225,scroll,0,511
810,1535,17027.165,scroll,0,527
810,1535,17041.75,scroll,0,558
810,1535,17066.3,mouseout,0,573
810,1535,17066.3,mouseover,0,573
810,1535,17066.3,mousemove,0,573
810,1535,17066.235,scroll,0,573
810,1535,17078.3,mousemove,0,588
810,1535,17079.225,scroll,0,588
810,1535,17091.3,mousemove,0,588
810,1535,17103.3,mousemove,0,604
810,1535,17092.445,scroll,0,617
810,1535,17115.3,mousemove,0,617
810,1535,17118.22,scroll,0,631
810,1535,17128.3,mousemove,0,631
810,1535,17131.205,scroll,0,645
810,1535,17140.3,mousemove,0,645
810,1535,17153.3,mousemove,0,658
810,1535,17144.185,scroll,0,658
810,1535,17165.3,mousemove,0,670
810,1535,17157.145,scroll,0,683
810,1535,17178.3,mousemove,0,683
810,1535,17183.19,scroll,0,694
810,1535,17190.3,mouseout,0,694
810,1535,17190.3,mouseover,0,694
810,1535,17190.3,mousemove,0,694
810,1535,17203.3,mousemove,0,706
810,1535,17196.22,scroll,0,706
810,1535,17215.3,mousemove,0,717
810,1535,17209.14,scroll,0,727
810,1535,17227.3,mouseout,0,727
810,1535,17227.3,mouseover,0,727
810,1535,17227.3,mousemove,0,727
810,1535,17235.25,scroll,0,737
810,1535,17240.3,mousemove,0,737
810,1535,17252.3,mouseout,0,746
810,1535,17252.3,mouseover,0,746
810,1535,17252.3,mousemove,0,746
810,1535,17248.19,scroll,0,746
810,1535,17264.3,mousemove,0,754
810,1535,17261.73,scroll,0,754
810,1535,17277.3,mousemove,0,764
810,1535,17278.45,scroll,0,770
810,1535,17289.3,mouseout,0,770
810,1535,17289.3,mouseover,0,770
810,1535,17289.3,mousemove,0,770
810,1535,17302.3,mouseout,0,777
810,1535,17302.3,mouseover,0,777
810,1535,17302.3,mousemove,0,777
810,1535,17300.17,scroll,0,777
810,1535,17314.3,mousemove,0,783
810,1535,17313.57,scroll,0,783
810,1535,17327.3,mousemove,0,788
810,1535,17326.58,scroll,0,793
810,1535,17339.3,mousemove,0,793
810,1535,17351.3,mousemove,0,798
810,1535,17352.28,scroll,0,798
810,1535,17365.225,scroll,0,801
810,1535,17378.245,scroll,0,804
810,1535,17391.4,scroll,0,808
810,1535,17417.225,scroll,0,809
810,1535,17430.24,scroll,0,810
810,1535,17530.395,mousemove,0,810
810,1535,17575.3,mousemove,0,810
810,1535,17587.3,mousemove,0,810
810,1535,17599.3,mousemove,0,810
810,1535,17612.3,mousemove,0,810
810,1535,17625.3,mousemove,0,810
810,1535,17638.3,mousemove,0,810
810,1535,17650.3,mousemove,0,810
810,1535,17662.3,mousemove,0,810
810,1535,17674.3,mousemove,0,810
810,1535,17687.3,mousemove,0,810
810,1535,17699.3,mouseout,0,810
810,1535,17699.3,mouseover,0,810
810,1535,17699.3,mousemove,0,810
810,1535,17711.3,mouseout,0,810
810,1535,17711.3,mouseover,0,810
810,1535,17711.3,mousemove,0,810
810,1535,17724.3,mousemove,0,810
810,1535,17737.3,mousemove,0,810
810,1535,17749.3,mousemove,0,810
810,1535,17761.3,mousemove,0,810
810,1535,17774.3,mousemove,0,810
810,1535,17786.3,mousemove,0,810
810,1535,18239.3,mousedown,0,810
810,1535,18245.75,focusout,0,810
810,1535,18246.605,focusin,0,810
810,1535,18339.3,mouseup,0,810
810,1535,18339.3,click,0,810
810,1535,19003.3,mouseout,0,810
810,1535,19003.3,mouseover,0,810
810,1535,19003.3,mousemove,0,810
810,1535,19016.3,mousemove,0,810
810,1535,19028.3,mousemove,0,810
810,1535,19041.3,mousemove,0,810
810,1535,19053.3,mousemove,0,810
810,1535,19066.3,mousemove,0,810
810,1535,19078.3,mousemove,0,810
810,1535,19091.3,mousemove,0,810
810,1535,19103.3,mousemove,0,810
810,1535,19116.3,mousemove,0,810
810,1535,19128.3,mouseout,0,810
810,1535,19128.3,mouseover,0,810
810,1535,19128.3,mousemove,0,810
810,1535,19141.3,mouseout,0,810
810,1535,19141.3,mouseover,0,810
810,1535,19141.3,mousemove,0,810
810,1535,19153.3,mousemove,0,810
810,1535,19165.3,mouseout,0,810
810,1535,19165.3,mouseover,0,810
810,1535,19165.3,mousemove,0,810
810,1535,19178.3,mouseout,0,810
810,1535,19178.3,mouseover,0,810
810,1535,19178.3,mousemove,0,810
810,1535,19190.3,mousemove,0,810
810,1535,19203.3,mousemove,0,810
810,1535,19215.3,mousemove,0,810
810,1535,19228.3,mousemove,0,810
810,1535,19240.3,mousemove,0,810
810,1535,19252.3,mousemove,0,810
810,1535,19265.3,mousemove,0,810
810,1535,19277.3,mousemove,0,810
810,1535,19290.3,mousemove,0,810
810,1535,19302.3,mousemove,0,810
810,1535,19315.3,mousemove,0,810
810,1535,19327.3,mousemove,0,810
810,1535,19339.3,mousemove,0,810
810,1535,19352.3,mousemove,0,810
810,1535,19364.3,mousemove,0,810
810,1535,19377.3,mousemove,0,810
810,1535,19389.3,mousemove,0,810
810,1535,19402.3,mousemove,0,810
810,1535,19414.3,mousemove,0,810
810,1535,19426.3,mousemove,0,810
810,1535,19439.3,mousemove,0,810
810,1535,19451.3,mousemove,0,810
810,1535,19464.3,mousemove,0,810
810,1535,19476.3,mousemove,0,810
810,1535,19488.3,mousemove,0,810
810,1535,19501.3,mouseout,0,810
810,1535,19501.3,mouseover,0,810
810,1535,19501.3,mousemove,0,810
810,1535,19513.3,mousemove,0,810
810,1535,19526.3,mousemove,0,810
810,1535,19538.3,mousemove,0,810
810,1535,19551.3,mousemove,0,810
810,1535,19749.3,mousemove,0,810
810,1535,19979.3,mousedown,0,810
810,1535,19985.305,focusout,0,810
810,1535,20079.3,mouseup,0,810
810,1535,20079.3,click,0,810
810,1535,20222.3,mouseout,0,810
810,1535,20222.3,mouseover,0,810
810,1535,20222.3,mousemove,0,810
810,1535,20234.3,mousemove,0,810
810,1535,20247.3,mousemove,0,810
810,1535,20259.3,mouseout,0,810
810,1535,20259.3,mouseover,0,810
810,1535,20259.3,mousemove,0,810
810,1535,20271.3,mousemove,0,810
810,1535,20284.3,mousemove,0,810
810,1535,20296.3,mousemove,0,810
810,1535,20309.3,mousemove,0,810
810,1535,20321.3,mousemove,0,810
810,1535,20334.3,mouseout,0,810
810,1535,20334.3,mouseover,0,810
810,1535,20334.3,mousemove,0,810
810,1535,20346.3,mousemove,0,810
810,1535,20359.3,mouseout,0,810
810,1535,20359.3,mouseover,0,810
810,1535,20359.3,mousemove,0,810
810,1535,20371.3,mouseout,0,810
810,1535,20371.3,mouseover,0,810
810,1535,20371.3,mousemove,0,810
810,1535,20645.24,scroll,0,811
810,1535,20661.715,scroll,0,815
810,1535,20679.045,scroll,0,828
810,1535,20695.815,scroll,0,853
810,1535,20712.275,scroll,0,893
810,1535,20729.14,scroll,0,961
810,1535,20745.56,scroll,0,1064
810,1535,20762.065,scroll,0,1179
810,1535,20779.18,scroll,0,1297
810,1535,20795.045,scroll,0,1413
810,1535,20812.67,scroll,0,1520
810,1535,20828.935,scroll,0,1613
810,1535,20845.64,scroll,0,1693
810,1535,20862.345,scroll,0,1758
810,1535,20879.575,scroll,0,1808
810,1535,20895.195,scroll,0,1845
810,1535,20912.205,scroll,0,1873
810,1535,20929.25,scroll,0,1894
810,1535,20946.17,scroll,0,1910
810,1535,20962.92,scroll,0,1924
810,1535,20979.21,scroll,0,1936
810,1535,20995.425,scroll,0,1947
810,1535,21012.49,scroll,0,1958
810,1535,21028.885,scroll,0,1968
810,1535,21045.88,scroll,0,1979
810,1535,21062.615,scroll,0,1990
810,1535,21079.765,scroll,0,2000
810,1535,21095.585,scroll,0,2012
810,1535,21112.12,scroll,0,2023
810,1535,21129.415,scroll,0,2035
810,1535,21145.905,scroll,0,2048
810,1535,21163.33,scroll,0,2066
810,1535,21180.1,scroll,0,2092
810,1535,21196.075,scroll,0,2131
810,1535,21213.275,scroll,0,2192
810,1535,21229.225,scroll,0,2279
810,1535,21246.515,scroll,0,2377
810,1535,21262.9,scroll,0,2477
810,1535,21279.815,scroll,0,2584
810,1535,21296.66,scroll,0,2699
810,1535,21312.8,scroll,0,2805
810,1535,21329.25,scroll,0,2894
810,1535,21345.875,scroll,0,2967
810,1535,21363.175,scroll,0,3021
810,1535,21379.565,scroll,0,3059
810,1535,21396.785,scroll,0,3087
810,1535,21413.33,scroll,0,3107
810,1535,21429.745,scroll,0,3123
810,1535,21447,scroll,0,3136
810,1535,21463.62,scroll,0,3147
810,1535,21479.52,scroll,0,3158
810,1535,21496.43,scroll,0,3167
810,1535,21512.8,scroll,0,3177
810,1535,21530.235,scroll,0,3186
810,1535,21547.045,scroll,0,3196
810,1535,21563.885,scroll,0,3206
810,1535,21579.71,scroll,0,3216
810,1535,21596.19,scroll,0,3226
810,1535,21612.92,scroll,0,3237
810,1535,21629.59,scroll,0,3249
810,1535,21647.06,scroll,0,3260
810,1535,21663.775,scroll,0,3272
810,1535,21679.74,scroll,0,3284
810,1535,21696.93,scroll,0,3295
810,1535,21713.29,scroll,0,3307
810,1535,21730.765,scroll,0,3319
810,1535,21746.72,scroll,0,3330
810,1535,21764.165,scroll,0,3340
810,1535,21780.585,scroll,0,3351
810,1535,21797.57,scroll,0,3360
810,1535,21813.815,scroll,0,3370
810,1535,21830.39,scroll,0,3378
810,1535,21846.81,scroll,0,3386
810,1535,21863.85,scroll,0,3393
810,1535,21880.22,scroll,0,3399
810,1535,21897.75,scroll,0,3403
810,1535,21914.095,scroll,0,3406
810,1535,21930.225,scroll,0,3407
810,1535,21947.31,scroll,0,3408
810,1535,21964.36,scroll,0,3409
810,1535,21982.885,scroll,0,3410
810,1535,21997.11,scroll,0,3414
810,1535,22014.17,scroll,0,3424
810,1535,22030.965,scroll,0,3442
810,1535,22047.225,scroll,0,3470
810,1535,22064.34,scroll,0,3506
810,1535,22080.73,scroll,0,3551
810,1535,22096.99,scroll,0,3600
810,1535,22114.235,scroll,0,3649
810,1535,22131.065,scroll,0,3690
810,1535,22148.065,scroll,0,3719
810,1535,22164.23,scroll,0,3735
810,1535,22180.53,scroll,0,3740
810,1535,22280.825,mouseout,0,3740
810,1535,22280.825,mouseover,0,3740
810,1535,22280.825,mousemove,0,3740
810,1535,23048.05,scroll,0,3738
810,1535,23065.02,scroll,0,3734
810,1535,23099.2,scroll,0,3691
810,1535,23116.24,scroll,0,3631
810,1535,23133.085,scroll,0,3537
810,1535,23149.325,scroll,0,3412
810,1535,23165.695,scroll,0,3261
810,1535,23182.77,scroll,0,3111
810,1535,23199.565,scroll,0,2978
810,1535,23216.51,scroll,0,2866
810,1535,23232.17,scroll,0,2774
810,1535,23249.25,scroll,0,2701
810,1535,23265.74,scroll,0,2645
810,1535,23283.015,scroll,0,2600
810,1535,23299.065,scroll,0,2563
810,1535,23315.62,scroll,0,2532
810,1535,23332.965,scroll,0,2504
810,1535,23349.03,scroll,0,2480
810,1535,23365.87,scroll,0,2457
810,1535,23382.39,scroll,0,2436
810,1535,23399.485,scroll,0,2414
810,1535,23416.32,scroll,0,2393
810,1535,23432.855,scroll,0,2371
810,1535,23449.88,scroll,0,2349
810,1535,23466.16,scroll,0,2327
810,1535,23483.12,scroll,0,2303
810,1535,23499.8,scroll,0,2277
810,1535,23516.535,scroll,0,2250
810,1535,23533.27,scroll,0,2222
810,1535,23549.88,scroll,0,2192
810,1535,23565.98,scroll,0,2163
810,1535,23583.33,scroll,0,2133
810,1535,23599.79,scroll,0,2105
810,1535,23616.705,scroll,0,2079
810,1535,23633.295,scroll,0,2050
810,1535,23649.785,scroll,0,2016
810,1535,23666.56,scroll,0,1966
810,1535,23683.36,scroll,0,1879
810,1535,23700.005,scroll,0,1749
810,1535,23717.09,scroll,0,1608
810,1535,23726.3,mouseout,0,1608
810,1535,23726.3,mouseover,0,1608
810,1535,23726.3,mousemove,0,1608
810,1535,23733.71,scroll,0,1479
810,1535,23749.69,scroll,0,1368
810,1535,23766.485,scroll,0,1273
810,1535,23782.855,scroll,0,1194
810,1535,23800.635,scroll,0,1133
810,1535,23816.745,scroll,0,1082
810,1535,23833.845,scroll,0,1040
810,1535,23850.075,scroll,0,1004
810,1535,23866.87,scroll,0,972
810,1535,23884.26,scroll,0,944
810,1535,23900.8,scroll,0,919
810,1535,23916.44,scroll,0,896
810,1535,23934.19,scroll,0,873
810,1535,23950.705,scroll,0,850
810,1535,23966.845,scroll,0,828
810,1535,23984.305,scroll,0,805
810,1535,24000.34,scroll,0,782
810,1535,24017.38,scroll,0,758
810,1535,24033.29,scroll,0,732
810,1535,24050.045,scroll,0,705
810,1535,24067.48,scroll,0,677
810,1535,24083.965,scroll,0,648
810,1535,24101.07,scroll,0,618
810,1535,24117.255,scroll,0,589
810,1535,24134.57,scroll,0,561
810,1535,24151.04,scroll,0,533
810,1535,24167.38,scroll,0,508
810,1535,24184.455,scroll,0,484
810,1535,24200.915,scroll,0,461
810,1535,24217.52,scroll,0,434
810,1535,24234.13,scroll,0,393
810,1535,24250.83,scroll,0,334
810,1535,24267.365,scroll,0,268
810,1535,24284.27,scroll,0,198
810,1535,24301.15,scroll,0,130
810,1535,24317.215,scroll,0,72
810,1535,24334.225,scroll,0,31
810,1535,24350.885,scroll,0,7
810,1535,24368.12,scroll,0,0
810,1535,24468.245,mouseout,0,0
810,1535,24468.245,mouseover,0,0
810,1535,24468.245,mousemove,0,0
810,1535,25639.3,mousemove,0,0
810,1535,25652.3,mousemove,0,0
810,1535,25664.3,mousemove,0,0
810,1535,25677.3,mousemove,0,0
810,1535,25689.3,mousemove,0,0
810,1535,25702.3,mousemove,0,0
810,1535,25714.3,mousemove,0,0
810,1535,25727.3,mousemove,0,0
810,1535,25738.3,mousemove,0,0
810,1535,25751.3,mouseout,0,0
810,1535,25751.3,mouseover,0,0
810,1535,25751.3,mousemove,0,0
810,1535,25764.3,mousemove,0,0
810,1535,25776.3,mousemove,0,0
810,1535,25789.3,mousemove,0,0
810,1535,25801.3,mousemove,0,0
810,1535,25814.3,mouseout,0,0
810,1535,25814.3,mouseover,0,0
810,1535,25814.3,mousemove,0,0
810,1535,25826.3,mousemove,0,0
810,1535,25839.3,mousemove,0,0
810,1535,25851.3,mousemove,0,0
810,1535,25863.3,mousemove,0,0
810,1535,25875.3,mouseout,0,0
810,1535,25875.3,mouseover,0,0
810,1535,25875.3,mousemove,0,0
810,1535,25888.3,mousemove,0,0
810,1535,25901.3,mousemove,0,0
810,1535,25913.3,mouseout,0,0
810,1535,25913.3,mouseover,0,0
810,1535,25913.3,mousemove,0,0
810,1535,25926.3,mousemove,0,0
810,1535,25938.3,mousemove,0,0
810,1535,25951.3,mouseout,0,0
810,1535,25951.3,mouseover,0,0
810,1535,25951.3,mousemove,0,0
810,1535,25963.3,mousemove,0,0
810,1535,25976.3,mousemove,0,0
810,1535,25987.3,mousemove,0,0
810,1535,26000.3,mousemove,0,0
810,1535,26012.3,mousemove,0,0
810,1535,26025.3,mousemove,0,0
810,1535,26038.3,mousemove,0,0
810,1535,26050.3,mousemove,0,0
810,1535,26062.3,mousemove,0,0
810,1535,26074.3,mousemove,0,0
810,1535,26087.3,mousemove,0,0
810,1535,26099.3,mousemove,0,0
810,1535,26112.3,mousemove,0,0
810,1535,26174.3,mousemove,0,0
810,1535,26186.3,mousemove,0,0
810,1535,26199.3,mousemove,0,0
810,1535,26211.3,mousemove,0,0
810,1535,26224.3,mousemove,0,0
810,1535,26236.3,mousemove,0,0
810,1535,26248.3,mousemove,0,0
810,1535,26261.3,mousemove,0,0
810,1535,26274.3,mouseout,0,0
810,1535,26274.3,mouseover,0,0
810,1535,26274.3,mousemove,0,0
810,1535,26286.3,mousemove,0,0
810,1535,26299.3,mousemove,0,0
810,1535,26311.3,mousemove,0,0
810,1535,26323.3,mousemove,0,0
810,1535,26336.3,mouseover,0,0
810,1535,26336.3,mouseout,0,0
810,1535,26336.3,mousemove,0,0
810,1535,26347.3,mousemove,0,0
810,1535,26360.3,mousemove,0,0
810,1535,26372.3,mousemove,0,0
810,1535,26596.3,mousemove,0,0
810,1535,26609.3,mousemove,0,0
810,1535,26621.3,mousemove,0,0
810,1535,26813.3,mousedown,0,0
810,1535,26914.3,mouseup,0,0
810,1535,26914.3,click,0,0
810,1535,27006.3,mousemove,0,0
810,1535,27031.3,mousemove,0,0
810,1535,27044.3,mousemove,0,0
810,1535,27056.3,mousemove,0,0
810,1535,27069.3,mouseout,0,0
810,1535,27069.3,mouseover,0,0
810,1535,27069.3,mousemove,0,0
810,1535,27081.3,mousemove,0,0
810,1535,27094.3,mousemove,0,0
810,1535,27106.3,mousemove,0,0
810,1535,27119.3,mousemove,0,0
810,1535,27131.3,mousemove,0,0
810,1535,27379.3,mousemove,0,0
810,1535,27391.3,mousemove,0,0
810,1535,27621.3,mousedown,0,0
810,1535,27625.38,focusin,0,0
810,1535,27722.3,mouseup,0,0
810,1535,27751.72,scroll,0,2
810,1535,27764.645,scroll,0,6
810,1535,27777.62,scroll,0,11
810,1535,27793.625,scroll,0,24
810,1535,27816.63,scroll,0,33
810,1535,27829.585,scroll,0,43
810,1535,27842.815,scroll,0,67
810,1535,27868.64,scroll,0,81
810,1535,27888.3,mousemove,0,96
810,1535,27881.64,scroll,0,96
810,1535,27894.605,scroll,0,112
810,1535,27913.3,mousemove,0,130
810,1535,27908.325,scroll,0,148
810,1535,27926.3,mouseout,0,148
810,1535,27926.3,mouseover,0,148
810,1535,27926.3,mousemove,0,148
810,1535,27938.3,mousemove,0,168
810,1535,27933.605,scroll,0,168
810,1535,27951.3,mousemove,0,189
810,1535,27946.58,scroll,0,189
810,1535,27963.3,mouseout,0,210
810,1535,27963.3,mouseover,0,210
810,1535,27963.3,mousemove,0,210
810,1535,27959.57,scroll,0,233
810,1535,27975.3,mousemove,0,233
810,1535,27988.3,mousemove,0,257
810,1535,27985.575,scroll,0,257
810,1535,28001.3,mousemove,0,282
810,1535,27998.585,scroll,0,282
810,1535,28013.3,mousemove,0,307
810,1535,28011.61,scroll,0,307
810,1535,28025.3,mousemove,0,333
810,1535,28038.3,mouseout,0,361
810,1535,28038.3,mouseover,0,361
810,1535,28038.3,mousemove,0,361
810,1535,28025.085,scroll,0,361
810,1535,28049.3,mousemove,0,388
810,1535,28050.58,scroll,0,388
810,1535,28062.3,mousemove,0,388
810,1535,28063.65,scroll,0,417
810,1535,28074.3,mousemove,0,446
810,1535,28087.3,mousemove,0,446
810,1535,28076.58,scroll,0,476
810,1535,28099.3,mousemove,0,476
810,1535,28102.6,scroll,0,507
810,1535,28112.3,mousemove,0,507
810,1535,28115.585,scroll,0,538
810,1535,28124.3,mousemove,0,538
810,1535,28136.3,mousemove,0,569
810,1535,28128.94,scroll,0,569
810,1535,28149.3,mousemove,0,601
810,1535,28142.13,scroll,0,633
810,1535,28161.3,mousemove,0,633
810,1535,28167.62,scroll,0,665
810,1535,28174.3,mousemove,0,665
810,1535,28186.3,mousemove,0,698
810,1535,28180.6,scroll,0,698
810,1535,28199.3,mousemove,0,731
810,1535,28193.595,scroll,0,764
810,1535,28211.3,mousemove,0,764
810,1535,28219.69,scroll,0,797
810,1535,28223.3,mousemove,0,797
810,1535,28236.3,mousemove,0,830
810,1535,28232.64,scroll,0,830
810,1535,28248.3,mousemove,0,863
810,1535,28245.63,scroll,0,863
810,1535,28261.3,mousemove,0,896
810,1535,28258.595,scroll,0,929
810,1535,28273.3,mousemove,0,929
810,1535,28286.3,mousemove,0,961
810,1535,28284.605,scroll,0,961
810,1535,28298.3,mousemove,0,994
810,1535,28297.605,scroll,0,994
810,1535,28311.3,mousemove,0,1026
810,1535,28310.605,scroll,0,1057
810,1535,28336.66,scroll,0,1089
810,1535,28349.675,scroll,0,1119
810,1535,28360.3,mousemove,0,1119
810,1535,28373.3,mousemove,0,1150
810,1535,28362.73,scroll,0,1150
810,1535,28386.3,mousemove,0,1179
810,1535,28375.89,scroll,0,1209
810,1535,28397.3,mousemove,0,1209
810,1535,28401.66,scroll,0,1237
810,1535,28409.3,mouseout,0,1237
810,1535,28409.3,mouseover,0,1237
810,1535,28409.3,mousemove,0,1237
810,1535,28422.3,mousemove,0,1265
810,1535,28414.63,scroll,0,1265
810,1535,28434.3,mousemove,0,1292
810,1535,28427.58,scroll,0,1318
810,1535,28447.3,mousemove,0,1318
810,1535,28453.655,scroll,0,1343
810,1535,28460.3,mousemove,0,1343
810,1535,28473.3,mousemove,0,1368
810,1535,28466.685,scroll,0,1368
810,1535,28484.3,mousemove,0,1391
810,1535,28479.62,scroll,0,1391
810,1535,28497.3,mousemove,0,1414
810,1535,28492.66,scroll,0,1435
810,1535,28510.3,mousemove,0,1435
810,1535,28523.3,mousemove,0,1456
810,1535,28518.725,scroll,0,1456
810,1535,28534.3,mousemove,0,1475
810,1535,28531.7,scroll,0,1475
810,1535,28544.695,scroll,0,1511
810,1535,28570.68,scroll,0,1527
810,1535,28583.685,scroll,0,1541
810,1535,28596.635,scroll,0,1555
810,1535,28609.615,scroll,0,1578
810,1535,28635.685,scroll,0,1588
810,1535,28648.705,scroll,0,1597
810,1535,28661.645,scroll,0,1604
810,1535,28676.215,scroll,0,1614
810,1535,28700.695,scroll,0,1617
810,1535,28713.64,scroll,0,1619
810,1535,28726.96,scroll,0,1620
810,1535,28759.3,mousemove,0,1620
810,1535,28963.3,mousedown,0,1620
810,1535,28966.47,focusout,0,1620
810,1535,28966.78,focusin,0,1620
810,1535,29064.3,mouseup,0,1620
810,1535,29093.37,scroll,0,1621
810,1535,29106.48,scroll,0,1623
810,1535,29119.53,scroll,0,1625
810,1535,29132.425,scroll,0,1628
810,1535,29145.395,scroll,0,1636
810,1535,29171.45,scroll,0,1641
810,1535,29184.48,scroll,0,1647
810,1535,29197.455,scroll,0,1653
810,1535,29211.105,scroll,0,1668
810,1535,29236.495,scroll,0,1676
810,1535,29249.445,scroll,0,1685
810,1535,29262.435,scroll,0,1694
810,1535,29276.71,scroll,0,1714
810,1535,29301.56,scroll,0,1725
810,1535,29314.515,scroll,0,1736
810,1535,29327.42,scroll,0,1761
810,1535,29353.485,scroll,0,1773
810,1535,29366.555,scroll,0,1786
810,1535,29379.43,scroll,0,1800
810,1535,29393.66,scroll,0,1828
810,1535,29418.495,scroll,0,1843
810,1535,29431.47,scroll,0,1858
810,1535,29444.4,scroll,0,1889
810,1535,29470.545,scroll,0,1904
810,1535,29483.46,scroll,0,1920
810,1535,29496.555,scroll,0,1936
810,1535,29510.98,scroll,0,1969
810,1535,29535.47,scroll,0,1985
810,1535,29548.47,scroll,0,2002
810,1535,29561.41,scroll,0,2035
810,1535,29587.45,scroll,0,2051
810,1535,29600.49,scroll,0,2068
810,1535,29613.46,scroll,0,2084
810,1535,29627.545,scroll,0,2117
810,1535,29652.48,scroll,0,2133
810,1535,29665.525,scroll,0,2148
810,1535,29678.455,scroll,0,2179
810,1535,29704.505,scroll,0,2195
810,1535,29717.415,scroll,0,2209
810,1535,29730.54,scroll,0,2224
810,1535,29744.37,scroll,0,2252
810,1535,29769.56,scroll,0,2266
810,1535,29782.56,scroll,0,2279
810,1535,29795.44,scroll,0,2304
810,1535,29821.525,scroll,0,2315
810,1535,29834.545,scroll,0,2327
810,1535,29847.525,scroll,0,2337
810,1535,29861.135,scroll,0,2357
810,1535,29886.48,scroll,0,2366
810,1535,29899.485,scroll,0,2375
810,1535,29912.45,scroll,0,2390
810,1535,29938.52,scroll,0,2397
810,1535,29951.535,scroll,0,2403
810,1535,29964.535,scroll,0,2409
810,1535,29978.16,scroll,0,2418
810,1535,30003.545,scroll,0,2422
810,1535,30016.525,scroll,0,2425
810,1535,30029.485,scroll,0,2428
810,1535,30055.58,scroll,0,2429
810,1535,30068.685,scroll,0,2430
810,1535,30168.84,mousemove,0,2430
810,1535,34527.215,scroll,0,2431
810,1535,34542.805,scroll,0,2434
810,1535,34567.06,scroll,0,2448
810,1535,34583.29,scroll,0,2467
810,1535,34600.235,scroll,0,2493
810,1535,34616.56,scroll,0,2527
810,1535,34633.13,scroll,0,2571
810,1535,34649.805,scroll,0,2619
810,1535,34667.12,scroll,0,2669
810,1535,34683.785,scroll,0,2719
810,1535,34700.25,scroll,0,2767
810,1535,34717.465,scroll,0,2811
810,1535,34734.215,scroll,0,2850
810,1535,34750.35,scroll,0,2885
810,1535,34766.595,scroll,0,2916
810,1535,34783.865,scroll,0,2943
810,1535,34800,scroll,0,2967
810,1535,34817.315,scroll,0,2989
810,1535,34834.46,scroll,0,3012
810,1535,34850.285,scroll,0,3034
810,1535,34867.125,scroll,0,3061
810,1535,34884.3,scroll,0,3094
810,1535,34901.18,scroll,0,3125
810,1535,34917.505,scroll,0,3149
810,1535,34932.3,mousemove,0,3149
810,1535,34934.325,scroll,0,3165
810,1535,34945.3,mousemove,0,3165
810,1535,34950.3,scroll,0,3172
810,1535,34957.3,mousemove,0,3172
810,1535,34967.725,scroll,0,3173
810,1535,35067.875,mousemove,0,3173
810,1535,35267.56,scroll,0,3175
810,1535,35301.825,scroll,0,3204
810,1535,35318.085,scroll,0,3240
810,1535,35334.025,scroll,0,3308
810,1535,35368.4,scroll,0,3520
810,1535,35384.76,scroll,0,3611
810,1535,35401.93,scroll,0,3678
810,1535,35417.975,scroll,0,3718
810,1535,35434.285,scroll,0,3735
810,1535,35451.71,scroll,0,3739
810,1535,35467.745,scroll,0,3740
810,1535,35567.87,mousemove,0,3740
810,1535,35989.3,mouseout,0,3740
810,1535,35989.3,mouseover,0,3740
810,1535,35989.3,mousemove,0,3740
810,1535,36001.3,mousemove,0,3740
810,1535,36014.3,mousemove,0,3740
810,1535,36025.3,mousemove,0,3740
810,1535,36038.3,mousemove,0,3740
810,1535,36051.3,mousemove,0,3740
810,1535,36063.3,mouseout,0,3740
810,1535,36063.3,mouseover,0,3740
810,1535,36063.3,mousemove,0,3740
810,1535,36076.3,mousemove,0,3740
810,1535,36088.3,mouseout,0,3740
810,1535,36088.3,mouseover,0,3740
810,1535,36088.3,mousemove,0,3740
810,1535,36101.3,mouseout,0,3740
810,1535,36101.3,mouseover,0,3740
810,1535,36101.3,mousemove,0,3740
810,1535,36113.3,mousemove,0,3740
810,1535,36125.3,mouseout,0,3740
810,1535,36125.3,mouseover,0,3740
810,1535,36125.3,mousemove,0,3740
810,1535,36137.3,mousemove,0,3740
810,1535,36149.3,mouseout,0,3740
810,1535,36149.3,mouseover,0,3740
810,1535,36149.3,mousemove,0,3740
810,1535,36162.3,mousemove,0,3740
810,1535,36174.3,mousemove,0,3740
810,1535,36187.3,mouseout,0,3740
810,1535,36187.3,mouseover,0,3740
810,1535,36187.3,mousemove,0,3740
810,1535,36199.3,mousemove,0,3740
810,1535,36212.3,mousemove,0,3740
810,1535,40903.675,scroll,0,3739
810,1535,40943.22,scroll,0,3736
810,1535,40960.31,scroll,0,3728
810,1535,40976.07,scroll,0,3701
810,1535,40997.495,scroll,0,3644
810,1535,41009.865,scroll,0,3557
810,1535,41026.345,scroll,0,3441
810,1535,41043.395,scroll,0,3304
810,1535,41060.14,scroll,0,3169
810,1535,41076.635,scroll,0,3051
810,1535,41093.67,scroll,0,2952
810,1535,41109.92,scroll,0,2873
810,1535,41126.62,scroll,0,2811
810,1535,41143.705,scroll,0,2763
810,1535,41159.975,scroll,0,2727
810,1535,41177.25,scroll,0,2698
810,1535,41193.44,scroll,0,2672
810,1535,41210.01,scroll,0,2649
810,1535,41226.67,scroll,0,2628
810,1535,41243.79,scroll,0,2608
810,1535,41260.58,scroll,0,2589
810,1535,41277.46,scroll,0,2570
810,1535,41293.48,scroll,0,2551
810,1535,41310.36,scroll,0,2532
810,1535,41327.24,scroll,0,2513
810,1535,41343.785,scroll,0,2493
810,1535,41360.36,scroll,0,2472
810,1535,41377.55,scroll,0,2451
810,1535,41393.84,scroll,0,2429
810,1535,41410.375,scroll,0,2406
810,1535,41427.31,scroll,0,2382
810,1535,41444.62,scroll,0,2359
810,1535,41461.45,scroll,0,2335
810,1535,41477.555,scroll,0,2311
810,1535,41494.36,scroll,0,2287
810,1535,41510.745,scroll,0,2264
810,1535,41527.975,scroll,0,2240
810,1535,41544.21,scroll,0,2218
810,1535,41561.09,scroll,0,2198
810,1535,41578.1,scroll,0,2180
810,1535,41594.825,scroll,0,2166
810,1535,41610.98,scroll,0,2155
810,1535,41627.675,scroll,0,2150
810,1535,41644.74,scroll,0,2145
810,1535,41660.81,scroll,0,2135
810,1535,41677.915,scroll,0,2117
810,1535,41693.975,scroll,0,2082
810,1535,41711.08,scroll,0,2013
810,1535,41727.66,scroll,0,1902
810,1535,41744.465,scroll,0,1781
810,1535,41760.615,scroll,0,1670
810,1535,41777.465,scroll,0,1573
810,1535,41794.25,scroll,0,1489
810,1535,41811.42,scroll,0,1419
810,1535,41828.37,scroll,0,1364
810,1535,41844.68,scroll,0,1320
810,1535,41861.405,scroll,0,1287
810,1535,41877.51,scroll,0,1258
810,1535,41894.75,scroll,0,1233
810,1535,41910.89,scroll,0,1210
810,1535,41928.575,scroll,0,1190
810,1535,41945.055,scroll,0,1171
810,1535,41961.43,scroll,0,1152
810,1535,41978.01,scroll,0,1135
810,1535,41996.87,scroll,0,1118
810,1535,42011.515,scroll,0,1100
810,1535,42027.94,scroll,0,1083
810,1535,42045.495,scroll,0,1065
810,1535,42061.43,scroll,0,1047
810,1535,42078.655,scroll,0,1028
810,1535,42094.96,scroll,0,1009
810,1535,42112.105,scroll,0,988
810,1535,42128.865,scroll,0,968
810,1535,42144.8,scroll,0,947
810,1535,42162.02,scroll,0,926
810,1535,42178.725,scroll,0,905
810,1535,42195.775,scroll,0,884
810,1535,42199.3,mouseout,0,884
810,1535,42199.3,mouseover,0,884
810,1535,42199.3,mousemove,0,884
810,1535,42211.61,scroll,0,863
810,1535,42211.3,mousemove,0,863
810,1535,42224.3,mousemove,0,863
810,1535,42228.395,scroll,0,844
810,1535,42236.3,mousemove,0,844
810,1535,42244.775,scroll,0,827
810,1535,42262.225,scroll,0,812
810,1535,42262.3,mousemove,0,812
810,1535,42275.3,mousemove,0,812
810,1535,42278.21,scroll,0,800
810,1535,42287.3,mousemove,0,800
810,1535,42295.74,scroll,0,792
810,1535,42299.3,mouseout,0,792
810,1535,42299.3,mouseover,0,792
810,1535,42299.3,mousemove,0,792
810,1535,42312.035,scroll,0,786
810,1535,42311.3,mousemove,0,786
810,1535,42323.3,mousemove,0,786
810,1535,42329.115,scroll,0,783
810,1535,42336.3,mousemove,0,783
810,1535,42345.18,scroll,0,782
810,1535,42348.3,mousemove,0,782
810,1535,42361.3,mousemove,0,782
810,1535,42373.3,mousemove,0,782
810,1535,42386.3,mousemove,0,782
810,1535,42398.3,mousemove,0,782
810,1535,42411.3,mouseout,0,782
810,1535,42411.3,mouseover,0,782
810,1535,42411.3,mousemove,0,782
810,1535,42423.3,mousemove,0,782
810,1535,42435.3,mouseout,0,782
810,1535,42435.3,mouseover,0,782
810,1535,42435.3,mousemove,0,782
810,1535,42448.3,mouseout,0,782
810,1535,42448.3,mouseover,0,782
810,1535,42448.3,mousemove,0,782
810,1535,42460.3,mousemove,0,782
810,1535,42473.3,mousemove,0,782
810,1535,42485.3,mousemove,0,782
810,1535,42498.3,mousemove,0,782
810,1535,42510.3,mousemove,0,782
810,1535,42523.3,mousemove,0,782
810,1535,42536.3,mousemove,0,782
810,1535,42548.3,mousemove,0,782
810,1535,42561.3,mousemove,0,782
810,1535,42573.3,mousemove,0,782
810,1535,42585.3,mousemove,0,782
810,1535,42598.3,mousemove,0,782
810,1535,42660.3,mousemove,0,782
810,1535,42672.3,mousemove,0,782
810,1535,42685.3,mousemove,0,782
810,1535,42697.3,mousemove,0,782
810,1535,42708.3,mousemove,0,782
810,1535,42721.3,mousemove,0,782
810,1535,42734.3,mousemove,0,782
810,1535,42746.3,mousemove,0,782
810,1535,42759.3,mousemove,0,782
810,1535,42772.3,mousemove,0,782
810,1535,42784.3,mousemove,0,782
810,1535,42797.3,mouseout,0,782
810,1535,42797.3,mouseover,0,782
810,1535,42797.3,mousemove,0,782
810,1535,42809.3,mousemove,0,782
810,1535,42822.3,mousemove,0,782
810,1535,42833.3,mousemove,0,782
810,1535,42846.3,mousemove,0,782
810,1535,42858.3,mousemove,0,782
810,1535,42871.3,mousemove,0,782
810,1535,43045.3,mousemove,0,782
810,1535,43070.3,mousemove,0,782
810,1535,43081.3,mousemove,0,782
810,1535,43286.3,mousedown,0,782
810,1535,43291.605,focusout,0,782
810,1535,43292.03,focusin,0,782
810,1535,43386.3,mouseup,0,782
810,1535,43416.375,scroll,0,783
810,1535,43429.25,scroll,0,785
810,1535,43442.17,scroll,0,787
810,1535,43455.87,scroll,0,790
810,1535,43468.145,scroll,0,794
810,1535,43482.91,scroll,0,804
810,1535,43507.195,scroll,0,809
810,1535,43520.175,scroll,0,816
810,1535,43536.85,scroll,0,831
810,1535,43559.2,scroll,0,839
810,1535,43572.2,scroll,0,848
810,1535,43585.205,scroll,0,858
810,1535,43599.345,scroll,0,878
810,1535,43624.175,scroll,0,890
810,1535,43637.2,scroll,0,901
810,1535,43650.15,scroll,0,926
810,1535,43676.18,scroll,0,940
810,1535,43689.12,scroll,0,953
810,1535,43702.21,scroll,0,967
810,1535,43715.88,scroll,0,996
810,1535,43741.17,scroll,0,1011
810,1535,43754.225,scroll,0,1027
810,1535,43767.235,scroll,0,1059
810,1535,43793.15,scroll,0,1075
810,1535,43806.215,scroll,0,1091
810,1535,43819.215,scroll,0,1108
810,1535,43833.105,scroll,0,1141
810,1535,43858.22,scroll,0,1158
810,1535,43871.25,scroll,0,1176
810,1535,43890.3,mousemove,0,1193
810,1535,43884.145,scroll,0,1210
810,1535,43910.22,scroll,0,1227
810,1535,43927.3,mousemove,0,1244
810,1535,43923.205,scroll,0,1244
810,1535,43939.3,mousemove,0,1261
810,1535,43936.21,scroll,0,1261
810,1535,43952.3,mousemove,0,1278
810,1535,43949.255,scroll,0,1294
810,1535,43964.3,mousemove,0,1294
810,1535,43977.3,mouseout,0,1311
810,1535,43977.3,mouseover,0,1311
810,1535,43977.3,mousemove,0,1311
810,1535,43975.245,scroll,0,1311
810,1535,43989.3,mousemove,0,1327
810,1535,43988.205,scroll,0,1327
810,1535,44002.3,mousemove,0,1344
810,1535,44001.145,scroll,0,1360
810,1535,44014.3,mousemove,0,1360
810,1535,44027.3,mousemove,0,1375
810,1535,44027.23,scroll,0,1375
810,1535,44039.3,mouseout,0,1391
810,1535,44039.3,mouseover,0,1391
810,1535,44039.3,mousemove,0,1391
810,1535,44040.2,scroll,0,1391
810,1535,44052.3,mousemove,0,1391
810,1535,44053.385,scroll,0,1407
810,1535,44064.3,mousemove,0,1407
810,1535,44076.3,mousemove,0,1422
810,1535,44066.86,scroll,0,1435
810,1535,44088.3,mousemove,0,1435
810,1535,44092.18,scroll,0,1449
810,1535,44101.3,mousemove,0,1449
810,1535,44113.3,mousemove,0,1462
810,1535,44105.22,scroll,0,1462
810,1535,44126.3,mouseout,0,1476
810,1535,44126.3,mouseover,0,1476
810,1535,44126.3,mousemove,0,1476
810,1535,44118.15,scroll,0,1488
810,1535,44138.3,mousemove,0,1488
810,1535,44144.22,scroll,0,1500
810,1535,44151.3,mousemove,0,1500
810,1535,44163.3,mousemove,0,1512
810,1535,44157.195,scroll,0,1512
810,1535,44175.3,mousemove,0,1523
810,1535,44170.24,scroll,0,1523
810,1535,44188.3,mousemove,0,1534
810,1535,44183.165,scroll,0,1544
810,1535,44200.3,mousemove,0,1544
810,1535,44213.3,mousemove,0,1554
810,1535,44209.225,scroll,0,1554
810,1535,44225.3,mousemove,0,1562
810,1535,44222.195,scroll,0,1562
810,1535,44235.2,scroll,0,1571
810,1535,44249.6,scroll,0,1586
810,1535,44274.26,scroll,0,1592
810,1535,44287.26,scroll,0,1598
810,1535,44300.485,scroll,0,1607
810,1535,44326.28,scroll,0,1611
810,1535,44339.27,scroll,0,1614
810,1535,44352.26,scroll,0,1618
810,1535,44378.23,scroll,0,1619
810,1535,44391.355,scroll,0,1620
810,1535,44435.3,mousemove,0,1620
810,1535,44461.3,mousemove,0,1620
810,1535,44474.3,mousemove,0,1620
810,1535,44665.3,mousedown,0,1620
810,1535,44670.42,focusout,0,1620
810,1535,44670.71,focusin,0,1620
810,1535,44765.3,mouseup,0,1620
810,1535,44780.58,scroll,0,1619
810,1535,44793.575,scroll,0,1618
810,1535,44806.635,scroll,0,1616
810,1535,44819.67,scroll,0,1611
810,1535,44845.66,scroll,0,1607
810,1535,44858.665,scroll,0,1603
810,1535,44871.665,scroll,0,1598
810,1535,44884.605,scroll,0,1586
810,1535,44910.71,scroll,0,1579
810,1535,44923.675,scroll,0,1572
810,1535,44936.72,scroll,0,1564
810,1535,44950.8,scroll,0,1546
810,1535,44975.75,scroll,0,1536
810,1535,44988.71,scroll,0,1526
810,1535,45001.625,scroll,0,1504
810,1535,45027.725,scroll,0,1492
810,1535,45040.685,scroll,0,1479
810,1535,45053.69,scroll,0,1454
810,1535,45070.3,mousemove,0,1454
810,1535,45079.695,scroll,0,1440
810,1535,45083.3,mousemove,0,1440
810,1535,45095.3,mousemove,0,1426
810,1535,45092.705,scroll,0,1426
810,1535,45108.3,mousemove,0,1412
810,1535,45105.725,scroll,0,1412
810,1535,45120.3,mousemove,0,1397
810,1535,45118.63,scroll,0,1382
810,1535,45132.3,mousemove,0,1382
810,1535,45145.3,mousemove,0,1367
810,1535,45144.685,scroll,0,1367
810,1535,45157.3,mousemove,0,1352
810,1535,45157.715,scroll,0,1352
810,1535,45169.3,mousemove,0,1336
810,1535,45182.3,mouseout,0,1336
810,1535,45182.3,mouseover,0,1336
810,1535,45182.3,mousemove,0,1336
810,1535,45170.675,scroll,0,1336
810,1535,45194.3,mousemove,0,1319
810,1535,45184.81,scroll,0,1304
810,1535,45207.3,mousemove,0,1304
810,1535,45209.725,scroll,0,1288
810,1535,45219.3,mousemove,0,1288
810,1535,45232.3,mousemove,0,1272
810,1535,45222.745,scroll,0,1272
810,1535,45244.3,mousemove,0,1255
810,1535,45235.78,scroll,0,1239
810,1535,45256.3,mousemove,0,1239
810,1535,45261.75,scroll,0,1222
810,1535,45269.3,mouseout,0,1222
810,1535,45269.3,mouseover,0,1222
810,1535,45269.3,mousemove,0,1222
810,1535,45281.3,mousemove,0,1206
810,1535,45274.735,scroll,0,1206
810,1535,45294.3,mousemove,0,1189
810,1535,45287.7,scroll,0,1189
810,1535,45306.3,mousemove,0,1171
810,1535,45301.76,scroll,0,1156
810,1535,45319.3,mousemove,0,1156
810,1535,45331.3,mousemove,0,1140
810,1535,45326.78,scroll,0,1140
810,1535,45344.3,mousemove,0,1124
810,1535,45340.145,scroll,0,1124
810,1535,45356.3,mousemove,0,1108
810,1535,45352.69,scroll,0,1092
810,1535,45369.3,mousemove,0,1092
810,1535,45381.3,mousemove,0,1076
810,1535,45378.765,scroll,0,1076
810,1535,45393.3,mousemove,0,1061
810,1535,45391.81,scroll,0,1061
810,1535,45405.3,mousemove,0,1046
810,1535,45404.72,scroll,0,1046
810,1535,45418.3,mousemove,0,1031
810,1535,45430.3,mousemove,0,1016
810,1535,45418.175,scroll,0,1016
810,1535,45443.3,mousemove,0,1002
810,1535,45443.745,scroll,0,1002
810,1535,45455.3,mousemove,0,1002
810,1535,45457.04,scroll,0,988
810,1535,45468.3,mousemove,0,988
810,1535,45480.3,mousemove,0,974
810,1535,45469.69,scroll,0,961
810,1535,45493.3,mousemove,0,961
810,1535,45495.665,scroll,0,949
810,1535,45505.3,mousemove,0,949
810,1535,45508.705,scroll,0,936
810,1535,45517.3,mousemove,0,936
810,1535,45530.3,mousemove,0,925
810,1535,45521.785,scroll,0,925
810,1535,45542.3,mousemove,0,913
810,1535,45534.685,scroll,0,902
810,1535,45555.3,mousemove,0,902
810,1535,45560.74,scroll,0,892
810,1535,45567.3,mousemove,0,892
810,1535,45580.3,mousemove,0,882
810,1535,45573.785,scroll,0,882
810,1535,45592.3,mouseout,0,873
810,1535,45592.3,mouseover,0,873
810,1535,45592.3,mousemove,0,873
810,1535,45586.74,scroll,0,865
810,1535,45604.3,mousemove,0,865
810,1535,45612.785,scroll,0,857
810,1535,45617.3,mousemove,0,857
810,1535,45629.3,mousemove,0,849
810,1535,45625.815,scroll,0,849
810,1535,45642.3,mousemove,0,842
810,1535,45638.8,scroll,0,842
810,1535,45651.685,scroll,0,831
810,1535,45667.3,mousemove,0,831
810,1535,45677.775,scroll,0,826
810,1535,45690.755,scroll,0,821
810,1535,45703.765,scroll,0,815
810,1535,45729.815,scroll,0,812
810,1535,45742.77,scroll,0,811
810,1535,45755.815,scroll,0,810
810,1535,45855.975,mousemove,0,810
810,1535,45990.3,mousemove,0,810
810,1535,46183.3,mousedown,0,810
810,1535,46186.38,focusout,0,810
810,1535,46186.69,focusin,0,810
810,1535,46284.3,mouseup,0,810
810,1535,46284.3,click,0,810
810,1535,46299.525,scroll,0,0
810,1535,46399.655,mouseout,0,0
810,1535,46399.655,mouseover,0,0
810,1535,46399.655,mousemove,0,0
810,1535,46735.3,mouseout,0,0
810,1535,46735.3,mouseover,0,0
810,1535,46735.3,mousemove,0,0
810,1535,46747.3,mouseout,0,0
810,1535,46747.3,mouseover,0,0
810,1535,46747.3,mousemove,0,0
810,1535,46784.3,mousemove,0,0
810,1535,46797.3,mousemove,0,0
810,1535,46809.3,mouseout,0,0
810,1535,46809.3,mouseover,0,0
810,1535,46809.3,mousemove,0,0
810,1535,46822.3,mousemove,0,0
810,1535,46834.3,mousemove,0,0
810,1535,46847.3,mousemove,0,0
810,1535,46859.3,mousemove,0,0
810,1535,46871.3,mousemove,0,0
810,1535,46884.3,mousemove,0,0
810,1535,46897.3,mouseout,0,0
810,1535,46897.3,mouseover,0,0
810,1535,46897.3,mousemove,0,0
810,1535,46909.3,mousemove,0,0
810,1535,46922.3,mousemove,0,0
810,1535,46934.3,mousemove,0,0
810,1535,46945.3,mousemove,0,0
810,1535,46958.3,mousemove,0,0
810,1535,46971.3,mousemove,0,0
810,1535,46983.3,mousemove,0,0
810,1535,46995.3,mousemove,0,0
810,1535,47008.3,mousemove,0,0
810,1535,47207.3,mousemove,0,0
810,1535,47220.3,mousemove,0,0
810,1535,47257.3,mousemove,0,0
810,1535,47270.3,mousemove,0,0
810,1535,47282.3,mousemove,0,0
810,1535,47295.3,mousemove,0,0
810,1535,47307.3,mousemove,0,0
810,1535,47319.3,mousemove,0,0
810,1535,47331.3,mousemove,0,0
810,1535,47344.3,mousemove,0,0
810,1535,47356.3,mouseout,0,0
810,1535,47356.3,mouseover,0,0
810,1535,47356.3,mousemove,0,0
810,1535,47369.3,mousemove,0,0
810,1535,47381.3,mousemove,0,0
810,1535,47394.3,mousemove,0,0
810,1535,47406.3,mousemove,0,0
810,1535,47418.3,mousemove,0,0
810,1535,47430.3,mousemove,0,0
810,1535,47443.3,mouseout,0,0
810,1535,47443.3,mouseover,0,0
810,1535,47443.3,mousemove,0,0
810,1535,47455.3,mousemove,0,0
810,1535,47468.3,mousemove,0,0
810,1535,47480.3,mousemove,0,0
810,1535,47493.3,mousemove,0,0
810,1535,47505.3,mousemove,0,0
810,1535,47518.3,mouseout,0,0
810,1535,47518.3,mouseover,0,0
810,1535,47518.3,mousemove,0,0
810,1535,47530.3,mouseout,0,0
810,1535,47530.3,mouseover,0,0
810,1535,47530.3,mousemove,0,0
810,1535,47542.3,mouseout,0,0
810,1535,47542.3,mouseover,0,0
810,1535,47542.3,mousemove,0,0
810,1535,47556.3,mousemove,0,0
810,1535,47568.3,mousemove,0,0
810,1535,47580.3,mousemove,0,0
810,1535,47592.3,mousemove,0,0
810,1535,47604.3,mousemove,0,0
810,1535,47617.3,mousemove,0,0
810,1535,47654.3,mousemove,0,0
810,1535,47667.3,mousemove,0,0
810,1535,47679.3,mousemove,0,0
810,1535,47692.3,mousemove,0,0
810,1535,47704.3,mousemove,0,0
810,1535,47717.3,mousemove,0,0
810,1535,47730.3,mouseout,0,0
810,1535,47730.3,mouseover,0,0
810,1535,47730.3,mousemove,0,0
810,1535,47741.3,mousemove,0,0
810,1535,47754.3,mousemove,0,0
810,1535,47767.3,mousemove,0,0
810,1535,47779.3,mousemove,0,0
810,1535,47792.3,mousemove,0,0
810,1535,47804.3,mousemove,0,0
810,1535,47817.3,mousemove,0,0
810,1535,47829.3,mousemove,0,0
810,1535,47841.3,mousemove,0,0
810,1535,47853.3,mousemove,0,0
810,1535,47865.3,mousemove,0,0
810,1535,48250.3,mousemove,0,0
810,1535,48275.3,mousemove,0,0
810,1535,48288.3,mousemove,0,0
810,1535,48481.3,mousedown,0,0
810,1535,48484.115,focusout,0,0
810,1535,48581.3,mouseup,0,0
810,1535,48581.3,click,0,0
810,1535,51506.3,mouseout,0,0
810,1535,51506.3,mouseover,0,0
810,1535,51506.3,mousemove,0,0
810,1535,51519.3,mousemove,0,0
810,1535,51531.3,mousemove,0,0
810,1535,51544.3,mousemove,0,0
810,1535,51556.3,mousemove,0,0
810,1535,51569.3,mousemove,0,0
810,1535,51581.3,mousemove,0,0
810,1535,51594.3,mouseout,0,0
810,1535,51594.3,mouseover,0,0
810,1535,51594.3,mousemove,0,0
810,1535,51605.3,mousemove,0,0
810,1535,51618.3,mousemove,0,0
810,1535,51630.3,mousemove,0,0
810,1535,51643.3,mousemove,0,0
810,1535,51655.3,mousemove,0,0
810,1535,51668.3,mousemove,0,0
810,1535,51680.3,mouseout,0,0
810,1535,51680.3,mouseover,0,0
810,1535,51680.3,mousemove,0,0
810,1535,51693.3,mousemove,0,0
810,1535,51705.3,mousemove,0,0
810,1535,51717.3,mousemove,0,0
810,1535,51729.3,mouseout,0,0
810,1535,51729.3,mouseover,0,0
810,1535,51729.3,mousemove,0,0
810,1535,51742.3,mousemove,0,0
810,1535,51754.3,mouseout,0,0
810,1535,51754.3,mouseover,0,0
810,1535,51754.3,mousemove,0,0
810,1535,51767.3,mouseout,0,0
810,1535,51767.3,mouseover,0,0
810,1535,51767.3,mousemove,0,0
810,1535,51779.3,mousemove,0,0
810,1535,51792.3,mousemove,0,0
810,1535,51804.3,mousemove,0,0
810,1535,52252.3,mousemove,0,0
810,1535,52264.3,mousemove,0,0
810,1535,52277.3,mousemove,0,0
810,1535,52289.3,mousemove,0,0
810,1535,52302.3,mouseout,0,0
810,1535,52302.3,mouseover,0,0
810,1535,52302.3,mousemove,0,0
810,1535,52314.3,mouseout,0,0
810,1535,52314.3,mouseover,0,0
810,1535,52314.3,mousemove,0,0
810,1535,52327.3,mousemove,0,0
810,1535,52339.3,mousemove,0,0
810,1535,52351.3,mousemove,0,0
810,1535,52363.3,mousemove,0,0
810,1535,52376.3,mousemove,0,0
810,1535,52389.3,mousemove,0,0
810,1535,52401.3,mousemove,0,0
810,1535,52414.3,mousemove,0,0
810,1535,52426.3,mousemove,0,0
810,1535,52438.3,mousemove,0,0
810,1535,52450.3,mousemove,0,0
810,1535,52463.3,mousemove,0,0
810,1535,52475.3,mousemove,0,0
810,1535,52488.3,mousemove,0,0
810,1535,52500.3,mousemove,0,0
810,1535,52513.3,mousemove,0,0
810,1535,52525.3,mousemove,0,0
810,1535,52538.3,mousemove,0,0
810,1535,52550.3,mousemove,0,0
810,1535,52563.3,mousemove,0,0
810,1535,52576.3,mousemove,0,0
810,1535,52587.3,mousemove,0,0
810,1535,52600.3,mousemove,0,0
810,1535,52612.3,mousemove,0,0
810,1535,52625.3,mousemove,0,0
810,1535,52824.3,mousemove,0,0
810,1535,52873.3,mousemove,0,0
810,1535,53065.3,mousedown,0,0
810,1535,53071.015,focusin,0,0
810,1535,53165.3,mouseup,0,0
810,1535,53195.475,scroll,0,1
810,1535,53208.355,scroll,0,3
810,1535,53221.365,scroll,0,5
810,1535,53234.445,scroll,0,8
810,1535,53248.765,scroll,0,16
810,1535,53273.38,scroll,0,21
810,1535,53286.51,scroll,0,27
810,1535,53299.385,scroll,0,40
810,1535,53325.38,scroll,0,48
810,1535,53338.485,scroll,0,56
810,1535,53351.37,scroll,0,65
810,1535,53364.335,scroll,0,84
810,1535,53390.415,scroll,0,94
810,1535,53403.425,scroll,0,105
810,1535,53416.39,scroll,0,128
810,1535,53442.455,scroll,0,141
810,1535,53455.335,scroll,0,153
810,1535,53468.365,scroll,0,166
810,1535,53481.34,scroll,0,194
810,1535,53507.42,scroll,0,208
810,1535,53520.425,scroll,0,223
810,1535,53533.405,scroll,0,238
810,1535,53548.11,scroll,0,269
810,1535,53572.435,scroll,0,284
810,1535,53585.395,scroll,0,300
810,1535,53599.705,scroll,0,332
810,1535,53624.42,scroll,0,349
810,1535,53637.38,scroll,0,365
810,1535,53650.395,scroll,0,398
810,1535,53676.385,scroll,0,415
810,1535,53689.39,scroll,0,431
810,1535,53702.43,scroll,0,448
810,1535,53715.355,scroll,0,480
810,1535,53741.395,scroll,0,497
810,1535,53754.425,scroll,0,513
810,1535,53767.38,scroll,0,528
810,1535,53781.695,scroll,0,559
810,1535,53806.44,scroll,0,575
810,1535,53819.415,scroll,0,589
810,1535,53832.405,scroll,0,618
810,1535,53858.44,scroll,0,632
810,1535,53871.465,scroll,0,646
810,1535,53884.47,scroll,0,659
810,1535,53898.485,scroll,0,684
810,1535,53923.415,scroll,0,695
810,1535,53936.42,scroll,0,707
810,1535,53949.375,scroll,0,728
810,1535,53975.475,scroll,0,737
810,1535,53988.475,scroll,0,746
810,1535,54001.485,scroll,0,755
810,1535,54014.485,scroll,0,770
810,1535,54040.5,scroll,0,777
810,1535,54053.5,scroll,0,783
810,1535,54066.435,scroll,0,794
810,1535,54092.515,scroll,0,798
810,1535,54105.5,scroll,0,802
810,1535,54118.46,scroll,0,805
810,1535,54131.5,scroll,0,808
810,1535,54157.435,scroll,0,809
810,1535,54170.545,scroll,0,810
810,1535,54197.31,scroll,0,809
810,1535,54213.275,scroll,0,810
810,1535,54230.405,scroll,0,813
810,1535,54247.24,scroll,0,819
810,1535,54263.505,scroll,0,828
810,1535,54280.43,scroll,0,841
810,1535,54297.54,scroll,0,860
810,1535,54313.515,scroll,0,885
810,1535,54330.215,scroll,0,915
810,1535,54347.33,scroll,0,951
810,1535,54363.51,scroll,0,991
810,1535,54380.48,scroll,0,1031
810,1535,54397.705,scroll,0,1070
810,1535,54414.59,scroll,0,1107
810,1535,54431.305,scroll,0,1140
810,1535,54447.34,scroll,0,1169
810,1535,54463.99,scroll,0,1191
810,1535,54480.65,scroll,0,1208
810,1535,54497.695,scroll,0,1218
810,1535,54514.54,scroll,0,1223
810,1535,54530.515,scroll,0,1226
810,1535,54547.63,scroll,0,1229
810,1535,54564.16,scroll,0,1230
810,1535,54580.665,scroll,0,1231
810,1535,54597.79,scroll,0,1232
810,1535,54613.945,scroll,0,1231
810,1535,54630.615,scroll,0,1230
810,1535,54647.825,scroll,0,1228
810,1535,54664.17,scroll,0,1227
810,1535,54681.57,scroll,0,1226
810,1535,54698.15,scroll,0,1228
810,1535,54714.86,scroll,0,1233
810,1535,54731.36,scroll,0,1243
810,1535,54748.3,scroll,0,1256
810,1535,54749.3,mouseout,0,1256
810,1535,54749.3,mouseover,0,1256
810,1535,54749.3,mousemove,0,1256
810,1535,54761.3,mouseout,0,1256
810,1535,54761.3,mouseover,0,1256
810,1535,54761.3,mousemove,0,1256
810,1535,54764.69,scroll,0,1274
810,1535,54774.3,mousemove,0,1274
810,1535,54780.97,scroll,0,1294
810,1535,54786.3,mousemove,0,1294
810,1535,54797.82,scroll,0,1316
810,1535,54799.3,mousemove,0,1316
810,1535,54811.3,mousemove,0,1316
810,1535,54814.74,scroll,0,1336
810,1535,54824.3,mousemove,0,1336
810,1535,54831.95,scroll,0,1353
810,1535,54848.6,scroll,0,1366
810,1535,54864.49,scroll,0,1374
810,1535,54881.085,scroll,0,1377
810,1535,54898.095,scroll,0,1378
810,1535,54998.235,mousemove,0,1378
810,1535,55115.225,scroll,0,1379
810,1535,55132.145,scroll,0,1383
810,1535,55148.295,scroll,0,1390
810,1535,55165.86,scroll,0,1403
810,1535,55182.3,scroll,0,1424
810,1535,55198.05,scroll,0,1454
810,1535,55215.705,scroll,0,1498
810,1535,55232.44,scroll,0,1560
810,1535,55248.64,scroll,0,1632
810,1535,55264.8,scroll,0,1715
810,1535,55298.955,scroll,0,1897
810,1535,55315.675,scroll,0,1983
810,1535,55332.34,scroll,0,2062
810,1535,55348.905,scroll,0,2133
810,1535,55365.035,scroll,0,2196
810,1535,55382.015,scroll,0,2250
810,1535,55398.82,scroll,0,2294
810,1535,55415.925,scroll,0,2330
810,1535,55431.885,scroll,0,2357
810,1535,55448.575,scroll,0,2377
810,1535,55465.77,scroll,0,2392
810,1535,55482.245,scroll,0,2405
810,1535,55499.28,scroll,0,2416
810,1535,55515.465,scroll,0,2427
810,1535,55532.685,scroll,0,2436
810,1535,55549.52,scroll,0,2445
810,1535,55565.535,scroll,0,2454
810,1535,55581.925,scroll,0,2462
810,1535,55599.39,scroll,0,2470
810,1535,55615.885,scroll,0,2478
810,1535,55632.49,scroll,0,2486
810,1535,55631.3,mouseout,0,2486
810,1535,55631.3,mouseover,0,2486
810,1535,55631.3,mousemove,0,2486
810,1535,55644.3,mousemove,0,2486
810,1535,55649.625,scroll,0,2494
810,1535,55656.3,mousemove,0,2494
810,1535,55665.765,scroll,0,2501
810,1535,55668.3,mousemove,0,2501
810,1535,55680.3,mousemove,0,2501
810,1535,55682.405,scroll,0,2507
810,1535,55694.3,mousemove,0,2507
810,1535,55699.155,scroll,0,2512
810,1535,55705.3,mousemove,0,2512
810,1535,55716.385,scroll,0,2517
810,1535,55718.3,mousemove,0,2517
810,1535,55730.3,mousemove,0,2517
810,1535,55732.19,scroll,0,2520
810,1535,55742.3,mousemove,0,2520
810,1535,55749.655,scroll,0,2522
810,1535,55755.3,mousemove,0,2522
810,1535,55766.095,scroll,0,2523
810,1535,55767.3,mousemove,0,2523
810,1535,55780.3,mousemove,0,2523
810,1535,55793.3,mouseout,0,2523
810,1535,55793.3,mouseover,0,2523
810,1535,55793.3,mousemove,0,2523
810,1535,55799.695,scroll,0,2524
810,1535,55806.3,mousemove,0,2524
810,1535,55819.3,mousemove,0,2524
810,1535,55830.3,mousemove,0,2524
810,1535,55843.3,mouseout,0,2524
810,1535,55843.3,mouseover,0,2524
810,1535,55843.3,mousemove,0,2524
810,1535,55855.3,mousemove,0,2524
810,1535,55867.3,mousemove,0,2524
810,1535,55880.3,mouseout,0,2524
810,1535,55880.3,mouseover,0,2524
810,1535,55880.3,mousemove,0,2524
810,1535,55892.3,mousemove,0,2524
810,1535,55905.3,mousemove,0,2524
810,1535,55916.3,mouseout,0,2524
810,1535,55916.3,mouseover,0,2524
810,1535,55916.3,mousemove,0,2524
810,1535,55930.3,mouseout,0,2524
810,1535,55930.3,mouseover,0,2524
810,1535,55930.3,mousemove,0,2524
810,1535,55941.3,mousemove,0,2524
810,1535,55953.3,mouseout,0,2524
810,1535,55953.3,mouseover,0,2524
810,1535,55953.3,mousemove,0,2524
810,1535,55966.3,mousemove,0,2524
810,1535,55978.3,mousemove,0,2524
810,1535,55991.3,mousemove,0,2524
810,1535,56003.3,mousemove,0,2524
810,1535,56016.3,mousemove,0,2524
810,1535,56028.3,mousemove,0,2524
810,1535,56041.3,mousemove,0,2524
810,1535,56054.3,mousemove,0,2524
810,1535,56066.3,mouseout,0,2524
810,1535,56066.3,mouseover,0,2524
810,1535,56066.3,mousemove,0,2524
810,1535,56079.3,mouseout,0,2524
810,1535,56079.3,mouseover,0,2524
810,1535,56079.3,mousemove,0,2524
810,1535,56091.3,mousemove,0,2524
810,1535,56104.3,mouseout,0,2524
810,1535,56202.3,mouseover,0,2524
810,1535,56202.3,mousemove,0,2524
810,1535,56215.3,mousemove,0,2524
810,1535,56227.3,mousemove,0,2524
810,1535,56240.3,mousemove,0,2524
810,1535,56252.3,mousemove,0,2524
810,1535,56265.3,mousemove,0,2524
810,1535,56278.3,mousemove,0,2524
810,1535,56290.3,mousemove,0,2524
810,1535,56303.3,mousemove,0,2524
810,1535,56315.3,mousemove,0,2524
810,1535,56328.3,mousemove,0,2524
810,1535,56339.3,mousemove,0,2524
810,1535,56351.3,mousemove,0,2524
810,1535,56364.3,mousemove,0,2524
810,1535,56376.3,mousemove,0,2524
810,1535,56389.3,mouseout,0,2524
810,1535,56389.3,mouseover,0,2524
810,1535,56389.3,mousemove,0,2524
810,1535,56401.3,mouseout,0,2524
810,1535,56401.3,mouseover,0,2524
810,1535,56401.3,mousemove,0,2524
810,1535,56414.3,mousemove,0,2524
810,1535,56426.3,mouseout,0,2524
810,1535,56426.3,mouseover,0,2524
810,1535,56426.3,mousemove,0,2524
810,1535,56438.3,mousemove,0,2524
810,1535,56451.3,mousemove,0,2524
810,1535,56463.3,mousemove,0,2524
810,1535,56476.3,mousemove,0,2524
810,1535,56488.3,mousemove,0,2524
810,1535,56500.3,mousemove,0,2524
810,1535,56513.3,mousemove,0,2524
810,1535,56525.3,mousemove,0,2524
810,1535,56538.3,mousemove,0,2524
810,1535,56550.3,mousemove,0,2524
810,1535,56563.3,mousemove,0,2524
810,1535,56575.3,mousemove,0,2524
810,1535,56587.3,mousemove,0,2524
810,1535,56600.3,mousemove,0,2524
810,1535,56612.3,mousemove,0,2524
810,1535,56625.3,mousemove,0,2524
810,1535,56638.3,mousemove,0,2524
810,1535,56650.3,mousemove,0,2524
810,1535,56662.3,mousemove,0,2524
810,1535,56675.3,mousemove,0,2524
810,1535,56687.3,mousemove,0,2524
810,1535,56700.3,mouseout,0,2524
810,1535,56700.3,mouseover,0,2524
810,1535,56700.3,mousemove,0,2524
810,1535,56712.3,mousemove,0,2524
810,1535,56724.3,mousemove,0,2524
810,1535,56737.3,mousemove,0,2524
810,1535,56749.3,mousemove,0,2524
810,1535,56762.3,mousemove,0,2524
810,1535,56774.3,mousemove,0,2524
810,1535,56787.3,mousemove,0,2524
810,1535,56800.3,mousemove,0,2524
810,1535,56812.3,mousemove,0,2524
810,1535,56825.3,mousemove,0,2524
810,1535,56837.3,mousemove,0,2524
810,1535,56849.3,mousemove,0,2524
810,1535,56861.3,mousemove,0,2524
810,1535,56874.3,mouseout,0,2524
810,1535,56874.3,mouseover,0,2524
810,1535,56874.3,mousemove,0,2524
810,1535,56886.3,mousemove,0,2524
810,1535,56899.3,mousemove,0,2524
810,1535,56911.3,mouseout,0,2524
810,1535,56911.3,mouseover,0,2524
810,1535,56911.3,mousemove,0,2524
810,1535,56924.3,mousemove,0,2524
810,1535,56935.3,mouseout,0,2524
810,1535,56935.3,mouseover,0,2524
810,1535,56935.3,mousemove,0,2524
810,1535,56948.3,mousemove,0,2524
810,1535,56960.3,mousemove,0,2524
810,1535,56973.3,mousemove,0,2524
810,1535,56985.3,mousemove,0,2524
810,1535,56998.3,mousemove,0,2524
810,1535,57010.3,mousemove,0,2524
810,1535,57023.3,mousemove,0,2524
810,1535,57035.3,mousemove,0,2524
810,1535,57048.3,mousemove,0,2524
810,1535,57060.3,mousemove,0,2524
810,1535,57073.3,mousemove,0,2524
810,1535,57085.3,mousemove,0,2524
810,1535,57098.3,mousemove,0,2524
810,1535,57110.3,mousemove,0,2524
810,1535,57122.3,mousemove,0,2524
810,1535,57135.3,mousemove,0,2524
810,1535,57147.3,mousemove,0,2524
810,1535,57160.3,mousemove,0,2524
810,1535,57173.3,mousemove,0,2524
810,1535,57184.3,mousemove,0,2524
810,1535,57196.3,mousemove,0,2524
810,1535,57209.3,mousemove,0,2524
810,1535,57221.3,mousemove,0,2524
810,1535,57234.3,mousemove,0,2524
810,1535,57247.3,mousemove,0,2524
810,1535,57259.3,mousemove,0,2524
810,1535,57271.3,mousemove,0,2524
810,1535,57284.3,mousemove,0,2524
810,1535,57297.3,mousemove,0,2524
810,1535,57309.3,mousemove,0,2524
810,1535,57322.3,mousemove,0,2524
810,1535,57333.3,mousemove,0,2524
810,1535,57346.3,mousemove,0,2524
810,1535,57358.3,mousemove,0,2524
810,1535,57371.3,mousemove,0,2524
810,1535,57383.3,mousemove,0,2524
810,1535,57396.3,mousemove,0,2524
810,1535,57408.3,mousemove,0,2524
810,1535,57421.3,mousemove,0,2524
810,1535,57433.3,mousemove,0,2524
810,1535,57445.3,mousemove,0,2524
810,1535,57457.3,mousemove,0,2524
810,1535,57470.3,mousemove,0,2524
810,1535,57482.3,mousemove,0,2524
810,1535,57495.3,mousemove,0,2524
810,1535,57507.3,mousemove,0,2524
810,1535,57520.3,mousemove,0,2524
810,1535,57532.3,mousemove,0,2524
810,1535,57545.3,mousemove,0,2524
810,1535,57557.3,mousemove,0,2524
810,1535,57570.3,mousemove,0,2524
810,1535,57582.3,mousemove,0,2524
810,1535,57595.3,mousemove,0,2524
810,1535,57607.3,mousemove,0,2524
810,1535,57620.3,mousemove,0,2524
810,1535,57632.3,mousemove,0,2524
810,1535,57893.3,mousemove,0,2524
810,1535,57905.3,mousemove,0,2524
810,1535,58098.3,mousedown,0,2524
810,1535,58101.64,focusout,0,2524
810,1535,58198.3,mouseup,0,2524
810,1535,58198.3,click,0,2524
810,1535,58241.3,mousemove,0,2524
810,1535,58253.3,mousemove,0,2524
810,1535,58266.3,mousemove,0,2524
810,1535,58279.3,mousemove,0,2524
810,1535,58290.3,mousemove,0,2524
810,1535,58303.3,mousemove,0,2524
810,1535,58316.3,mousemove,0,2524
810,1535,58328.3,mousemove,0,2524
810,1535,58340.3,mousemove,0,2524
810,1535,58352.3,mousemove,0,2524
810,1535,58365.3,mousemove,0,2524
810,1535,58378.3,mousemove,0,2524
810,1535,58390.3,mousemove,0,2524
810,1535,58403.3,mousemove,0,2524
810,1535,58415.3,mousemove,0,2524
810,1535,58426.3,mousemove,0,2524
810,1535,58439.3,mousemove,0,2524
810,1535,58451.3,mousemove,0,2524
810,1535,58464.3,mousemove,0,2524
810,1535,58476.3,mousemove,0,2524
810,1535,58489.3,mousemove,0,2524
810,1535,58501.3,mousemove,0,2524
810,1535,58514.3,mousemove,0,2524
810,1535,58527.3,mousemove,0,2524
810,1535,58539.3,mouseout,0,2524
810,1535,58539.3,mouseover,0,2524
810,1535,58539.3,mousemove,0,2524
810,1535,58551.3,mousemove,0,2524
810,1535,58564.3,mousemove,0,2524
810,1535,58576.3,mousemove,0,2524
810,1535,58589.3,mousemove,0,2524
810,1535,58602.3,mousemove,0,2524
810,1535,58613.3,mousemove,0,2524
810,1535,58626.3,mousemove,0,2524
810,1535,58638.3,mousemove,0,2524
810,1535,58651.3,mouseout,0,2524
810,1535,58651.3,mouseover,0,2524
810,1535,58651.3,mousemove,0,2524
810,1535,58662.3,mousemove,0,2524
810,1535,58675.3,mousemove,0,2524
810,1535,58687.3,mousemove,0,2524
810,1535,58700.3,mousemove,0,2524
810,1535,58712.3,mouseout,0,2524
810,1535,58712.3,mouseover,0,2524
810,1535,58712.3,mousemove,0,2524
810,1535,58725.3,mousemove,0,2524
810,1535,58737.3,mousemove,0,2524
810,1535,58750.3,mousemove,0,2524
810,1535,58762.3,mousemove,0,2524
810,1535,58775.3,mousemove,0,2524
810,1535,58788.3,mousemove,0,2524
810,1535,58799.3,mousemove,0,2524
810,1535,58998.3,mousemove,0,2524
810,1535,59011.3,mousemove,0,2524
810,1535,59023.3,mousemove,0,2524
810,1535,59036.3,mousemove,0,2524
810,1535,59048.3,mousemove,0,2524
810,1535,59061.3,mousemove,0,2524
810,1535,59073.3,mousemove,0,2524
810,1535,59086.3,mousemove,0,2524
810,1535,59098.3,mousemove,0,2524
810,1535,59111.3,mousemove,0,2524
810,1535,59123.3,mousemove,0,2524
810,1535,59136.3,mousemove,0,2524
810,1535,59160.3,mousemove,0,2524
810,1535,59172.3,mousemove,0,2524
810,1535,59185.3,mousemove,0,2524
810,1535,59197.3,mousemove,0,2524
810,1535,59209.3,mouseover,0,2524
810,1535,59209.3,mouseout,0,2524
810,1535,59209.3,mousemove,0,2524
810,1535,59222.3,mousemove,0,2524
810,1535,59247.3,mousemove,0,2524
810,1535,59483.3,mousemove,0,2524
810,1535,59495.3,mousemove,0,2524
810,1535,59508.3,mousemove,0,2524
810,1535,59700.3,mousedown,0,2524
810,1535,59703.825,focusin,0,2524
810,1535,59801.3,mouseup,0,2524
810,1535,59818.195,scroll,0,2523
810,1535,59831,scroll,0,2522
810,1535,59843.85,scroll,0,2520
810,1535,59857.46,scroll,0,2514
810,1535,59882.825,scroll,0,2510
810,1535,59895.86,scroll,0,2505
810,1535,59908.685,scroll,0,2493
810,1535,59934.83,scroll,0,2486
810,1535,59947.895,scroll,0,2479
810,1535,59960.84,scroll,0,2470
810,1535,59974.525,scroll,0,2452
810,1535,59999.835,scroll,0,2441
810,1535,60012.8,scroll,0,2430
810,1535,60025.755,scroll,0,2407
810,1535,60051.845,scroll,0,2394
810,1535,60064.805,scroll,0,2381
810,1535,60077.79,scroll,0,2367
810,1535,60091.255,scroll,0,2338
810,1535,60116.845,scroll,0,2323
810,1535,60129.85,scroll,0,2308
810,1535,60142.775,scroll,0,2275
810,1535,60168.8,scroll,0,2259
810,1535,60181.85,scroll,0,2242
810,1535,60194.795,scroll,0,2225
810,1535,60207.865,scroll,0,2189
810,1535,60233.85,scroll,0,2171
810,1535,60246.87,scroll,0,2153
810,1535,60259.79,scroll,0,2135
810,1535,60274.76,scroll,0,2098
810,1535,60298.845,scroll,0,2080
810,1535,60311.835,scroll,0,2062
810,1535,60324.835,scroll,0,2025
810,1535,60350.845,scroll,0,2006
810,1535,60363.905,scroll,0,1988
810,1535,60376.78,scroll,0,1952
810,1535,60402.805,scroll,0,1935
810,1535,60415.855,scroll,0,1917
810,1535,60428.83,scroll,0,1900
810,1535,60441.815,scroll,0,1866
810,1535,60467.865,scroll,0,1850
810,1535,60480.88,scroll,0,1834
810,1535,60493.78,scroll,0,1804
810,1535,60519.85,scroll,0,1789
810,1535,60532.81,scroll,0,1775
810,1535,60545.825,scroll,0,1761
810,1535,60558.83,scroll,0,1735
810,1535,60584.81,scroll,0,1723
810,1535,60597.835,scroll,0,1712
810,1535,60610.825,scroll,0,1691
810,1535,60636.875,scroll,0,1681
810,1535,60649.885,scroll,0,1672
810,1535,60662.805,scroll,0,1664
810,1535,60675.805,scroll,0,1649
810,1535,60701.86,scroll,0,1643
810,1535,60714.83,scroll,0,1637
810,1535,60727.83,scroll,0,1633
810,1535,60742.2,scroll,0,1625
810,1535,60766.88,scroll,0,1623
810,1535,60779.9,scroll,0,1621
810,1535,60792.81,scroll,0,1620
810,1535,60892.945,mousemove,0,1620
810,1535,60937.3,mousemove,0,1620
810,1535,60949.3,mousemove,0,1620
810,1535,60973.3,mousemove,0,1620
810,1535,60986.3,mousemove,0,1620
810,1535,61010.3,mousemove,0,1620
810,1535,61023.3,mousemove,0,1620
810,1535,61035.3,mousemove,0,1620
810,1535,61048.3,mouseover,0,1620
810,1535,61048.3,mouseout,0,1620
810,1535,61048.3,mousemove,0,1620
810,1535,61060.3,mousemove,0,1620
810,1535,61074.3,mousemove,0,1620
810,1535,61086.3,mouseout,0,1620
810,1535,61086.3,mouseover,0,1620
810,1535,61086.3,mousemove,0,1620
810,1535,61099.3,mousemove,0,1620
810,1535,61110.3,mousemove,0,1620
810,1535,61123.3,mousemove,0,1620
810,1535,61135.3,mousemove,0,1620
810,1535,61148.3,mousemove,0,1620
810,1535,61160.3,mousemove,0,1620
810,1535,61173.3,mousemove,0,1620
810,1535,61185.3,mousemove,0,1620
810,1535,61198.3,mousemove,0,1620
810,1535,61210.3,mousemove,0,1620
810,1535,61222.3,mousemove,0,1620
810,1535,61625.355,scroll,0,1621
810,1535,61642.24,scroll,0,1626
810,1535,61658.79,scroll,0,1637
810,1535,61675.465,scroll,0,1656
810,1535,61691.705,scroll,0,1695
810,1535,61708.49,scroll,0,1768
810,1535,61725.025,scroll,0,1879
810,1535,61741.635,scroll,0,2004
810,1535,61758.205,scroll,0,2122
810,1535,61775.165,scroll,0,2227
810,1535,61792.465,scroll,0,2315
810,1535,61808.11,scroll,0,2389
810,1535,61824.885,scroll,0,2447
810,1535,61841.965,scroll,0,2490
810,1535,61859.755,scroll,0,2520
810,1535,61875.18,scroll,0,2543
810,1535,61891.89,scroll,0,2562
810,1535,61909.21,scroll,0,2580
810,1535,61925.285,scroll,0,2596
810,1535,61942.82,scroll,0,2611
810,1535,61958.99,scroll,0,2625
810,1535,61975.145,scroll,0,2638
810,1535,61992.14,scroll,0,2652
810,1535,62009.24,scroll,0,2665
810,1535,62025.405,scroll,0,2679
810,1535,62042.075,scroll,0,2692
810,1535,62059.025,scroll,0,2707
810,1535,62076.16,scroll,0,2720
810,1535,62093.22,scroll,0,2734
810,1535,62109.405,scroll,0,2747
810,1535,62125.825,scroll,0,2760
810,1535,62142.35,scroll,0,2775
810,1535,62158.975,scroll,0,2793
810,1535,62175.65,scroll,0,2823
810,1535,62192.445,scroll,0,2871
810,1535,62208.91,scroll,0,2940
810,1535,62226.09,scroll,0,3023
810,1535,62242.345,scroll,0,3108
810,1535,62259.47,scroll,0,3188
810,1535,62275.915,scroll,0,3260
810,1535,62292.445,scroll,0,3324
810,1535,62309.345,scroll,0,3379
810,1535,62326.43,scroll,0,3425
810,1535,62342.67,scroll,0,3464
810,1535,62359.605,scroll,0,3495
810,1535,62376.345,scroll,0,3520
810,1535,62393.035,scroll,0,3540
810,1535,62409.855,scroll,0,3557
810,1535,62426.61,scroll,0,3571
810,1535,62442.61,scroll,0,3584
810,1535,62459.47,scroll,0,3596
810,1535,62476.36,scroll,0,3607
810,1535,62493.035,scroll,0,3618
810,1535,62509.25,scroll,0,3628
810,1535,62526.64,scroll,0,3638
810,1535,62543.51,scroll,0,3648
810,1535,62559.695,scroll,0,3658
810,1535,62576.3,scroll,0,3668
810,1535,62592.89,scroll,0,3679
810,1535,62610.15,scroll,0,3689
810,1535,62626.945,scroll,0,3698
810,1535,62643.81,scroll,0,3707
810,1535,62659.985,scroll,0,3716
810,1535,62676.545,scroll,0,3723
810,1535,62693.725,scroll,0,3729
810,1535,62709.745,scroll,0,3733
810,1535,62726.655,scroll,0,3736
810,1535,62743.725,scroll,0,3738
810,1535,62760.15,scroll,0,3739
810,1535,62777.39,scroll,0,3740
810,1535,62877.52,mouseout,0,3740
810,1535,62877.52,mouseover,0,3740
810,1535,62877.52,mousemove,0,3740
810,1535,63727.36,scroll,0,3739
810,1535,63743.725,scroll,0,3733
810,1535,63779.09,scroll,0,3662
810,1535,63795.445,scroll,0,3584
810,1535,63812.025,scroll,0,3477
810,1535,63828.5,scroll,0,3355
810,1535,63844.915,scroll,0,3239
810,1535,63861.705,scroll,0,3134
810,1535,63879.055,scroll,0,3043
810,1535,63894.755,scroll,0,2965
810,1535,63912.155,scroll,0,2900
810,1535,63928.345,scroll,0,2847
810,1535,63945.755,scroll,0,2803
810,1535,63961.685,scroll,0,2766
810,1535,63979.2,scroll,0,2736
810,1535,63995.09,scroll,0,2710
810,1535,64012.17,scroll,0,2688
810,1535,64028.415,scroll,0,2668
810,1535,64045.675,scroll,0,2649
810,1535,64062.03,scroll,0,2631
810,1535,64079.455,scroll,0,2614
810,1535,64095.985,scroll,0,2597
810,1535,64112.295,scroll,0,2579
810,1535,64129.21,scroll,0,2562
810,1535,64145.94,scroll,0,2544
810,1535,64162.77,scroll,0,2527
810,1535,64179.165,scroll,0,2511
810,1535,64195.985,scroll,0,2491
810,1535,64212.79,scroll,0,2466
810,1535,64229.075,scroll,0,2430
810,1535,64245.7,scroll,0,2363
810,1535,64262.315,scroll,0,2257
810,1535,64278.875,scroll,0,2139
810,1535,64296.405,scroll,0,2029
810,1535,64312.925,scroll,0,1932
810,1535,64329.27,scroll,0,1848
810,1535,64346.4,scroll,0,1776
810,1535,64362.775,scroll,0,1717
810,1535,64379.055,scroll,0,1671
810,1535,64396.26,scroll,0,1635
810,1535,64412.48,scroll,0,1605
810,1535,64429.445,scroll,0,1581
810,1535,64446.535,scroll,0,1559
810,1535,64462.15,scroll,0,1540
810,1535,64496.13,scroll,0,1506
810,1535,64512.5,scroll,0,1490
810,1535,64529.915,scroll,0,1474
810,1535,64546.495,scroll,0,1459
810,1535,64562.675,scroll,0,1443
810,1535,64579.965,scroll,0,1428
810,1535,64596.07,scroll,0,1413
810,1535,64613.34,scroll,0,1398
810,1535,64629.59,scroll,0,1384
810,1535,64646.135,scroll,0,1371
810,1535,64663.45,scroll,0,1360
810,1535,64679.68,scroll,0,1350
810,1535,64696.775,scroll,0,1338
810,1535,64713.28,scroll,0,1322
810,1535,64730.285,scroll,0,1296
810,1535,64746.765,scroll,0,1243
810,1535,64763.58,scroll,0,1155
810,1535,64780.185,scroll,0,1045
810,1535,64796.2,scroll,0,918
810,1535,64813.235,scroll,0,787
810,1535,64829.89,scroll,0,668
810,1535,64846.455,scroll,0,562
810,1535,64863.82,scroll,0,473
810,1535,64879.745,scroll,0,400
810,1535,64897.3,scroll,0,342
810,1535,64914.035,scroll,0,298
810,1535,64930.935,scroll,0,264
810,1535,64946.88,scroll,0,235
810,1535,64963.675,scroll,0,211
810,1535,64980.965,scroll,0,190
810,1535,64997.43,scroll,0,170
810,1535,65013.565,scroll,0,152
810,1535,65030.225,scroll,0,134
810,1535,65047.245,scroll,0,117
810,1535,65064.215,scroll,0,100
810,1535,65092.065,scroll,0,83
810,1535,65130.53,scroll,0,38
810,1535,65164.04,scroll,0,17
810,1535,65180.975,scroll,0,10
810,1535,65196.905,scroll,0,5
810,1535,65214.36,scroll,0,2
810,1535,65230.64,scroll,0,0
810,1535,65297.115,scroll,0,2
810,1535,65313.915,scroll,0,4
810,1535,65330.695,scroll,0,6
810,1535,65347.23,scroll,0,8
810,1535,65364.68,scroll,0,9
810,1535,65397.25,scroll,0,8
810,1535,65431.49,scroll,0,5
810,1535,65447.39,scroll,0,3
810,1535,65464.64,scroll,0,1
810,1535,65481.115,scroll,0,0
810,1535,65483.3,mouseout,0,0
810,1535,65483.3,mouseover,0,0
810,1535,65483.3,mousemove,0,0
810,1535,65496.3,mousemove,0,0
810,1535,66167.3,mousemove,0,0
810,1535,66180.3,mousemove,0,0
810,1535,66192.3,mousemove,0,0
810,1535,66204.3,mousemove,0,0
810,1535,66217.3,mousemove,0,0
810,1535,66229.3,mousemove,0,0
810,1535,66242.3,mousemove,0,0
810,1535,66254.3,mousemove,0,0
810,1535,66267.3,mousemove,0,0
810,1535,66279.3,mousemove,0,0
810,1535,66292.3,mousemove,0,0
810,1535,66304.3,mousemove,0,0
810,1535,66317.3,mousemove,0,0
810,1535,66329.3,mousemove,0,0
810,1535,66342.3,mouseout,0,0
810,1535,66342.3,mouseover,0,0
810,1535,66342.3,mousemove,0,0
810,1535,66354.3,mousemove,0,0
810,1535,66366.3,mousemove,0,0
810,1535,66378.3,mousemove,0,0
810,1535,66391.3,mousemove,0,0
810,1535,66403.3,mousemove,0,0
810,1535,66416.3,mousemove,0,0
810,1535,66429.3,mousemove,0,0
810,1535,66441.3,mousemove,0,0
810,1535,66453.3,mousemove,0,0
810,1535,66466.3,mousemove,0,0
810,1535,66478.3,mousemove,0,0
810,1535,66490.3,mousemove,0,0
810,1535,66502.3,mousemove,0,0
810,1535,66515.3,mousemove,0,0
810,1535,66527.3,mousemove,0,0
810,1535,66540.3,mousemove,0,0
810,1535,66552.3,mousemove,0,0
810,1535,66697.675,scroll,0,2
810,1535,66715.185,scroll,0,6
810,1535,66732.99,scroll,0,16
810,1535,66749.935,scroll,0,40
810,1535,66766.03,scroll,0,87
810,1535,66782.74,scroll,0,178
810,1535,66799.335,scroll,0,291
810,1535,66801.3,mouseout,0,291
810,1535,66801.3,mouseover,0,291
810,1535,66801.3,mousemove,0,291
810,1535,66813.3,mousemove,0,291
810,1535,66815.995,scroll,0,402
810,1535,66826.3,mouseout,0,402
810,1535,66826.3,mouseover,0,402
810,1535,66826.3,mousemove,0,402
810,1535,66833.135,scroll,0,503
810,1535,66849.525,scroll,0,593
810,1535,66866.585,scroll,0,672
810,1535,66883.16,scroll,0,739
810,1535,66899.66,scroll,0,796
810,1535,66916.72,scroll,0,845
810,1535,66933.72,scroll,0,882
810,1535,66949.675,scroll,0,915
810,1535,66966.73,scroll,0,943
810,1535,66983.695,scroll,0,967
810,1535,67000.27,scroll,0,989
810,1535,67016.91,scroll,0,1010
810,1535,67033.15,scroll,0,1028
810,1535,67050.31,scroll,0,1046
810,1535,67067.505,scroll,0,1063
810,1535,67083.665,scroll,0,1080
810,1535,67100.55,scroll,0,1096
810,1535,67117.43,scroll,0,1110
810,1535,67133.32,scroll,0,1124
810,1535,67150.585,scroll,0,1137
810,1535,67167.29,scroll,0,1152
810,1535,67183.815,scroll,0,1175
810,1535,67200.57,scroll,0,1215
810,1535,67216.76,scroll,0,1290
810,1535,67233.83,scroll,0,1398
810,1535,67250.795,scroll,0,1530
810,1535,67267.585,scroll,0,1670
810,1535,67283.945,scroll,0,1801
810,1535,67300.41,scroll,0,1921
810,1535,67317.69,scroll,0,2016
810,1535,67333.93,scroll,0,2099
810,1535,67350.345,scroll,0,2166
810,1535,67367.24,scroll,0,2219
810,1535,67384.03,scroll,0,2260
810,1535,67400.09,scroll,0,2294
810,1535,67417.15,scroll,0,2323
810,1535,67433.86,scroll,0,2349
810,1535,67451.245,scroll,0,2371
810,1535,67467.14,scroll,0,2393
810,1535,67484.04,scroll,0,2412
810,1535,67501.27,scroll,0,2432
810,1535,67519.82,scroll,0,2454
810,1535,67534.765,scroll,0,2469
810,1535,67551.365,scroll,0,2487
810,1535,67568.23,scroll,0,2505
810,1535,67584.345,scroll,0,2522
810,1535,67601.11,scroll,0,2536
810,1535,67618.28,scroll,0,2551
810,1535,67634.455,scroll,0,2566
810,1535,67651.17,scroll,0,2584
810,1535,67667.42,scroll,0,2609
810,1535,67684.97,scroll,0,2649
810,1535,67701.415,scroll,0,2713
810,1535,67718.275,scroll,0,2804
810,1535,67734.365,scroll,0,2915
810,1535,67751.55,scroll,0,3012
810,1535,67768.12,scroll,0,3101
810,1535,67785,scroll,0,3179
810,1535,67801.025,scroll,0,3245
810,1535,67818.095,scroll,0,3299
810,1535,67834.415,scroll,0,3340
810,1535,67850.87,scroll,0,3370
810,1535,67868.07,scroll,0,3393
810,1535,67884.47,scroll,0,3411
810,1535,67901.52,scroll,0,3427
810,1535,67918.415,scroll,0,3440
810,1535,67935.56,scroll,0,3452
810,1535,67951.74,scroll,0,3463
810,1535,67968.27,scroll,0,3472
810,1535,67985.03,scroll,0,3479
810,1535,68001.82,scroll,0,3486
810,1535,68018.06,scroll,0,3495
810,1535,68035.085,scroll,0,3507
810,1535,68051.595,scroll,0,3525
810,1535,68068.87,scroll,0,3549
810,1535,68084.895,scroll,0,3579
810,1535,68102.115,scroll,0,3613
810,1535,68119.065,scroll,0,3648
810,1535,68135.535,scroll,0,3680
810,1535,68152.08,scroll,0,3707
810,1535,68168.6,scroll,0,3726
810,1535,68184.915,scroll,0,3736
810,1535,68202.515,scroll,0,3740
810,1535,68302.655,mouseout,0,3740
810,1535,68302.655,mouseover,0,3740
810,1535,68302.655,mousemove,0,3740
810,1535,68601.96,scroll,0,3738
810,1535,68618.21,scroll,0,3724
810,1535,68652.82,scroll,0,3624
810,1535,68669.57,scroll,0,3513
810,1535,68686.1,scroll,0,3361
810,1535,68702.96,scroll,0,3201
810,1535,68719.775,scroll,0,3058
810,1535,68736.14,scroll,0,2934
810,1535,68752.3,scroll,0,2830
810,1535,68769.74,scroll,0,2745
810,1535,68785.725,scroll,0,2676
810,1535,68802.95,scroll,0,2621
810,1535,68819.855,scroll,0,2575
810,1535,68835.745,scroll,0,2536
810,1535,68852.56,scroll,0,2503
810,1535,68869.19,scroll,0,2473
810,1535,68885.785,scroll,0,2446
810,1535,68902.49,scroll,0,2420
810,1535,68919.33,scroll,0,2395
810,1535,68936.655,scroll,0,2370
810,1535,68953.08,scroll,0,2346
810,1535,68969.435,scroll,0,2323
810,1535,68986.075,scroll,0,2302
810,1535,69003.52,scroll,0,2281
810,1535,69020.01,scroll,0,2253
810,1535,69036.385,scroll,0,2216
810,1535,69052.82,scroll,0,2159
810,1535,69069.45,scroll,0,2069
810,1535,69087.025,scroll,0,1941
810,1535,69103.42,scroll,0,1793
810,1535,69119.635,scroll,0,1642
810,1535,69136.59,scroll,0,1502
810,1535,69152.86,scroll,0,1380
810,1535,69170.46,scroll,0,1276
810,1535,69186.37,scroll,0,1191
810,1535,69203.515,scroll,0,1124
810,1535,69219.82,scroll,0,1070
810,1535,69237.335,scroll,0,1024
810,1535,69253.16,scroll,0,985
810,1535,69270.045,scroll,0,951
810,1535,69286.765,scroll,0,921
810,1535,69303.63,scroll,0,893
810,1535,69320.8,scroll,0,867
810,1535,69336.725,scroll,0,843
810,1535,69354.83,scroll,0,821
810,1535,69370.63,scroll,0,804
810,1535,69385.3,mouseout,0,804
810,1535,69385.3,mouseover,0,804
810,1535,69385.3,mousemove,0,804
810,1535,69387.3,scroll,0,790
810,1535,69398.3,mousemove,0,790
810,1535,69404.215,scroll,0,781
810,1535,69409.3,mousemove,0,781
810,1535,69420.345,scroll,0,775
810,1535,69421.3,mousemove,0,775
810,1535,69434.3,mousemove,0,775
810,1535,69437.18,scroll,0,772
810,1535,69446.3,mousemove,0,772
810,1535,69453.595,scroll,0,771
810,1535,69459.3,mousemove,0,771
810,1535,69470.18,scroll,0,770
810,1535,69471.3,mousemove,0,770
810,1535,69484.3,mouseout,0,770
810,1535,69484.3,mousemove,0,770
810,1535,69484.3,mouseover,0,770
810,1535,69496.3,mousemove,0,770
810,1535,69504.365,scroll,0,771
810,1535,69509.3,mousemove,0,771
810,1535,69521.3,mousemove,0,771
810,1535,69534.3,mousemove,0,771
810,1535,69547.3,mousemove,0,771
810,1535,69559.3,mouseout,0,771
810,1535,69559.3,mouseover,0,771
810,1535,69559.3,mousemove,0,771
810,1535,69571.3,mousemove,0,771
810,1535,69584.3,mousemove,0,771
810,1535,69596.3,mousemove,0,771
810,1535,69609.3,mousemove,0,771
810,1535,69621.3,mouseout,0,771
810,1535,72003.045,focusout,0,771
810,1535,72005.1,blur,0,771
810,1535,75433.725,unload,0,771
