"height","width","time","type","scrollX","scrollY"
810,1535,1739.4350000000002,"mouseover",0,0
810,1535,1739.4350000000002,"mousemove",0,0
810,1535,1751.4350000000002,"mousemove",0,0
810,1535,1764.4350000000002,"mousemove",0,0
810,1535,1776.4350000000002,"mousemove",0,0
810,1535,1789.4350000000002,"mousemove",0,0
810,1535,1801.4350000000002,"mousemove",0,0
810,1535,1814.4350000000002,"mousemove",0,0
810,1535,1826.4350000000002,"mouseout",0,0
810,1535,1826.4350000000002,"mouseover",0,0
810,1535,1826.4350000000002,"mousemove",0,0
810,1535,1837.4350000000002,"mouseout",0,0
810,1535,1837.4350000000002,"mouseover",0,0
810,1535,1837.4350000000002,"mousemove",0,0
810,1535,1851.4350000000002,"mousemove",0,0
810,1535,1862.4350000000002,"mousemove",0,0
810,1535,1875.4350000000002,"mouseout",0,0
810,1535,1875.4350000000002,"mouseover",0,0
810,1535,1875.4350000000002,"mousemove",0,0
810,1535,1887.4350000000002,"mousemove",0,0
810,1535,1900.4350000000002,"mousemove",0,0
810,1535,1913.4350000000002,"mousemove",0,0
810,1535,1926.4350000000002,"mouseout",0,0
810,1535,1926.4350000000002,"mouseover",0,0
810,1535,1926.4350000000002,"mousemove",0,0
810,1535,1938.4350000000002,"mousemove",0,0
810,1535,1951.4350000000002,"mousemove",0,0
810,1535,1963.4350000000002,"mousemove",0,0
810,1535,1975.435,"mousemove",0,0
810,1535,1988.4350000000002,"mousemove",0,0
810,1535,2000.435,"mouseout",0,0
810,1535,2000.435,"mouseover",0,0
810,1535,2000.435,"mousemove",0,0
810,1535,2013.4350000000004,"mousemove",0,0
810,1535,2025.4350000000004,"mousemove",0,0
810,1535,2037.4350000000004,"mousemove",0,0
810,1535,2050.4350000000004,"mousemove",0,0
810,1535,2062.4350000000004,"mousemove",0,0
810,1535,2075.435,"mousemove",0,0
810,1535,2087.435,"mousemove",0,0
810,1535,2261.435,"mousemove",0,0
810,1535,2274.435,"mousemove",0,0
810,1535,2286.435,"mousemove",0,0
810,1535,2299.4350000000004,"mousemove",0,0
810,1535,2311.4350000000004,"mousemove",0,0
810,1535,2323.4350000000004,"mousemove",0,0
810,1535,2336.4350000000004,"mousemove",0,0
810,1535,2348.4350000000004,"mousemove",0,0
810,1535,2361.4350000000004,"mousemove",0,0
810,1535,2373.4350000000004,"mousemove",0,0
810,1535,2385.4350000000004,"mouseout",0,0
810,1535,2385.4350000000004,"mouseover",0,0
810,1535,2397.4350000000004,"mousemove",0,0
810,1535,2385.4350000000004,"mousemove",0,0
810,1535,2410.435,"mousemove",0,0
810,1535,2422.435,"mousemove",0,0
810,1535,2435.435,"mousemove",0,0
810,1535,2448.4350000000004,"mousemove",0,0
810,1535,2460.4350000000004,"mousemove",0,0
810,1535,2473.4350000000004,"mousemove",0,0
810,1535,2485.4350000000004,"mousemove",0,0
810,1535,2498.4350000000004,"mousemove",0,0
810,1535,2510.4350000000004,"mousemove",0,0
810,1535,2522.4350000000004,"mousemove",0,0
810,1535,2535.435,"mousemove",0,0
810,1535,2547.435,"mousemove",0,0
810,1535,2560.435,"mousemove",0,0
810,1535,2572.435,"mousemove",0,0
810,1535,2584.435,"mousemove",0,0
810,1535,2597.4350000000004,"mousemove",0,0
810,1535,2609.4350000000004,"mousemove",0,0
810,1535,2622.4350000000004,"mousemove",0,0
810,1535,2634.4350000000004,"mousemove",0,0
810,1535,2647.4350000000004,"mousemove",0,0
810,1535,2659.4350000000004,"mousemove",0,0
810,1535,2671.4350000000004,"mousemove",0,0
810,1535,2684.435,"mousemove",0,0
810,1535,2696.435,"mousemove",0,0
810,1535,2709.435,"mousemove",0,0
810,1535,3097.4350000000004,"mousedown",0,0
810,1535,3183.0650000000005,"scroll",0,11
810,1535,3195.4800000000005,"scroll",0,17
810,1535,3207.86,"scroll",0,23
810,1535,3232.3250000000003,"scroll",0,29
810,1535,3244.9500000000003,"scroll",0,35
810,1535,3580.8250000000003,"scroll",0,40
810,1535,3593.23,"scroll",0,46
810,1535,3617.9950000000003,"scroll",0,52
810,1535,3630.3250000000003,"scroll",0,58
810,1535,3643.2050000000004,"scroll",0,64
810,1535,3655.5550000000003,"scroll",0,81
810,1535,3680.025,"scroll",0,99
810,1535,3694.9300000000003,"scroll",0,110
810,1535,3707.4700000000003,"scroll",0,157
810,1535,3729.8350000000005,"scroll",0,175
810,1535,3742.1900000000005,"scroll",0,198
810,1535,3760.4500000000007,"scroll",0,245
810,1535,3778.92,"scroll",0,262
810,1535,3793.165,"scroll",0,280
810,1535,3806.155,"scroll",0,315
810,1535,3829.15,"scroll",0,332
810,1535,3841.765,"scroll",0,350
810,1535,3855.1450000000004,"scroll",0,379
810,1535,3879.4600000000005,"scroll",0,396
810,1535,3891.7750000000005,"scroll",0,408
810,1535,3904.5750000000003,"scroll",0,425
810,1535,3929.0750000000007,"scroll",0,437
810,1535,3941.8850000000007,"scroll",0,443
810,1535,3955.63,"scroll",0,460
810,1535,3979.28,"scroll",0,466
810,1535,3990.715,"scroll",0,478
810,1535,4006.5800000000004,"scroll",0,495
810,1535,4027.965,"scroll",0,501
810,1535,4041.3100000000004,"scroll",0,519
810,1535,4054.7500000000005,"scroll",0,542
810,1535,4077.8300000000004,"scroll",0,560
810,1535,4090.6150000000007,"scroll",0,577
810,1535,4105.305,"scroll",0,606
810,1535,4127.805,"scroll",0,624
810,1535,4140.400000000001,"scroll",0,641
810,1535,4155.215,"scroll",0,665
810,1535,4177.535000000001,"scroll",0,682
810,1535,4190.2699999999995,"scroll",0,711
810,1535,4214.910000000001,"scroll",0,729
810,1535,4227.130000000001,"scroll",0,746
810,1535,4240.595000000001,"scroll",0,787
810,1535,4264.670000000001,"scroll",0,805
810,1535,4277.265,"scroll",0,822
810,1535,4290.51,"scroll",0,857
810,1535,4314.325,"scroll",0,869
810,1535,4326.780000000001,"scroll",0,881
810,1535,4340.91,"scroll",0,910
810,1535,4364.195000000001,"scroll",0,916
810,1535,4376.465,"scroll",0,927
810,1535,4389.400000000001,"scroll",0,933
810,1535,4439.325,"scroll",0,939
810,1535,4759.435,"mouseup",0,939
810,1535,4922.435,"mousemove",0,939
810,1535,4935.435,"mousemove",0,939
810,1535,4947.435,"mouseout",0,939
810,1535,4947.435,"mouseover",0,939
810,1535,4947.435,"mousemove",0,939
810,1535,4959.435,"mousemove",0,939
810,1535,4972.435,"mousemove",0,939
810,1535,4984.435,"mousemove",0,939
810,1535,4997.435,"mousemove",0,939
810,1535,5009.435,"mouseout",0,939
810,1535,5009.435,"mouseover",0,939
810,1535,5009.435,"mousemove",0,939
810,1535,5021.435,"mouseout",0,939
810,1535,5021.435,"mouseover",0,939
810,1535,5021.435,"mousemove",0,939
810,1535,5034.435,"mousemove",0,939
810,1535,5046.435,"mouseout",0,939
810,1535,5046.435,"mouseover",0,939
810,1535,5046.435,"mousemove",0,939
810,1535,5059.435,"mousemove",0,939
810,1535,5071.435,"mouseout",0,939
810,1535,5071.435,"mouseover",0,939
810,1535,5071.435,"mousemove",0,939
810,1535,5084.435,"mousemove",0,939
810,1535,5096.435,"mousemove",0,939
810,1535,5108.435,"mousemove",0,939
810,1535,5121.435,"mouseout",0,939
810,1535,5121.435,"mouseover",0,939
810,1535,5121.435,"mousemove",0,939
810,1535,5134.435,"mousemove",0,939
810,1535,5146.435,"mousemove",0,939
810,1535,5159.435,"mousemove",0,939
810,1535,5170.435,"mousemove",0,939
810,1535,5183.435,"mousemove",0,939
810,1535,5195.435,"mousemove",0,939
810,1535,5208.435,"mousemove",0,939
810,1535,5220.435,"mousemove",0,939
810,1535,5246.435,"mousemove",0,939
810,1535,5258.435,"mousemove",0,939
810,1535,5271.435,"mousemove",0,939
810,1535,5282.435,"mousemove",0,939
810,1535,5295.435,"mousemove",0,939
810,1535,5307.435,"mousemove",0,939
810,1535,5320.435,"mousemove",0,939
810,1535,5333.435,"mousemove",0,939
810,1535,5345.435,"mousemove",0,939
810,1535,5357.435,"mousemove",0,939
810,1535,5369.435,"mousemove",0,939
810,1535,5532.435,"mousedown",0,939
810,1535,5535.84,"focusin",0,939
810,1535,5580.435,"mouseup",0,939
810,1535,5580.435,"click",0,939
810,1535,6202.435,"mouseout",0,939
810,1535,6202.435,"mouseover",0,939
810,1535,6202.435,"mousemove",0,939
810,1535,6215.435,"mousemove",0,939
810,1535,6228.435,"mousemove",0,939
810,1535,6240.435,"mousemove",0,939
810,1535,6253.435,"mousemove",0,939
810,1535,6265.435,"mouseout",0,939
810,1535,6265.435,"mouseover",0,939
810,1535,6265.435,"mousemove",0,939
810,1535,6278.435000000001,"mousemove",0,939
810,1535,6290.435,"mousemove",0,939
810,1535,6302.435000000001,"mousemove",0,939
810,1535,6315.435,"mousemove",0,939
810,1535,6326.435000000001,"mousemove",0,939
810,1535,6339.435,"mousemove",0,939
810,1535,6351.435,"mousemove",0,939
810,1535,6364.435,"mousemove",0,939
810,1535,6376.435,"mousemove",0,939
810,1535,6389.435,"mousemove",0,939
810,1535,6401.435,"mousemove",0,939
810,1535,6413.435,"mouseout",0,939
810,1535,6413.435,"mouseover",0,939
810,1535,6413.435,"mousemove",0,939
810,1535,6427.435000000001,"mousemove",0,939
810,1535,6439.435,"mouseout",0,939
810,1535,6439.435,"mouseover",0,939
810,1535,6439.435,"mousemove",0,939
810,1535,6452.435,"mousemove",0,939
810,1535,6464.435,"mousemove",0,939
810,1535,6476.435,"mousemove",0,939
810,1535,6489.435,"mousemove",0,939
810,1535,6501.435,"mousemove",0,939
810,1535,6514.435,"mousemove",0,939
810,1535,6526.435,"mousemove",0,939
810,1535,6539.435,"mousemove",0,939
810,1535,6550.435,"mousemove",0,939
810,1535,6563.435,"mouseout",0,939
810,1535,6563.435,"mouseover",0,939
810,1535,6563.435,"mousemove",0,939
810,1535,6575.435,"mousemove",0,939
810,1535,6587.435,"mousemove",0,939
810,1535,6763.435,"mousemove",0,939
810,1535,6775.435,"mousemove",0,939
810,1535,6787.435,"mouseout",0,939
810,1535,6787.435,"mouseover",0,939
810,1535,6787.435,"mousemove",0,939
810,1535,6799.435,"mousemove",0,939
810,1535,6811.435,"mouseout",0,939
810,1535,6811.435,"mouseover",0,939
810,1535,6811.435,"mousemove",0,939
810,1535,6825.435,"mousemove",0,939
810,1535,6836.435,"mousemove",0,939
810,1535,6849.435,"mousemove",0,939
810,1535,6861.435,"mousemove",0,939
810,1535,6874.435000000001,"mousemove",0,939
810,1535,6886.435,"mousemove",0,939
810,1535,6899.435,"mouseout",0,939
810,1535,6899.435,"mouseover",0,939
810,1535,6899.435,"mousemove",0,939
810,1535,6911.435000000001,"mousemove",0,939
810,1535,6924.435,"mousemove",0,939
810,1535,6936.435,"mousemove",0,939
810,1535,6949.435,"mousemove",0,939
810,1535,6962.435,"mousemove",0,939
810,1535,6974.435,"mousemove",0,939
810,1535,6986.435,"mousemove",0,939
810,1535,6999.435000000001,"mousemove",0,939
810,1535,7011.435,"mousemove",0,939
810,1535,7024.435,"mousemove",0,939
810,1535,7036.435000000001,"mousemove",0,939
810,1535,7048.435,"mousemove",0,939
810,1535,7060.435000000001,"mousemove",0,939
810,1535,7073.435,"mousemove",0,939
810,1535,7147.435,"mousemove",0,939
810,1535,7160.435,"mousemove",0,939
810,1535,7172.435000000001,"mousemove",0,939
810,1535,7371.435,"mousedown",0,939
810,1535,7375.070000000001,"focusout",0,939
810,1535,7383.435,"mouseup",0,939
810,1535,7383.435,"click",0,939
810,1535,7682.435,"mouseout",0,939
810,1535,7682.435,"mouseover",0,939
810,1535,7682.435,"mousemove",0,939
810,1535,7694.435,"mousemove",0,939
810,1535,7708.435,"mousemove",0,939
810,1535,7720.435000000001,"mousemove",0,939
810,1535,7732.435,"mousemove",0,939
810,1535,7745.435,"mousemove",0,939
810,1535,7757.435000000001,"mouseout",0,939
810,1535,7757.435000000001,"mouseover",0,939
810,1535,7757.435000000001,"mousemove",0,939
810,1535,7769.435,"mousemove",0,939
810,1535,7782.435,"mousemove",0,939
810,1535,7794.435000000001,"mousemove",0,939
810,1535,7807.435,"mousemove",0,939
810,1535,7819.435,"mousemove",0,939
810,1535,7831.435,"mousemove",0,939
810,1535,7844.435,"mousemove",0,939
810,1535,7856.435,"mousemove",0,939
810,1535,7869.435000000001,"mousemove",0,939
810,1535,7881.435,"mousemove",0,939
810,1535,7894.435,"mousemove",0,939
810,1535,7905.435,"mousemove",0,939
810,1535,7919.435000000001,"mousemove",0,939
810,1535,7931.435,"mousemove",0,939
810,1535,7944.435,"mousemove",0,939
810,1535,7956.435,"mousemove",0,939
810,1535,7969.435,"mousemove",0,939
810,1535,7981.435,"mousemove",0,939
810,1535,7994.435000000001,"mousemove",0,939
810,1535,8006.435000000001,"mousemove",0,939
810,1535,8018.435,"mousemove",0,939
810,1535,8031.435,"mousemove",0,939
810,1535,8043.435,"mousemove",0,939
810,1535,8056.435,"mousemove",0,939
810,1535,8143.435,"mousemove",0,939
810,1535,8155.435,"mousemove",0,939
810,1535,8167.435000000001,"mousemove",0,939
810,1535,8180.435000000001,"mousemove",0,939
810,1535,8192.435000000001,"mousemove",0,939
810,1535,8192.435000000001,"mousedown",0,939
810,1535,8206.345000000001,"scroll",0,951
810,1535,8218.820000000002,"scroll",0,968
810,1535,8231.150000000001,"scroll",0,997
810,1535,8243.625000000002,"scroll",0,1073
810,1535,8268.655,"scroll",0,1114
810,1535,8281.185000000001,"scroll",0,1161
810,1535,8293.890000000001,"scroll",0,1271
810,1535,8317.37,"scroll",0,1324
810,1535,8329.820000000002,"scroll",0,1423
810,1535,8354.800000000001,"scroll",0,1476
810,1535,8367.135,"scroll",0,1534
810,1535,8379.470000000001,"scroll",0,1587
810,1535,8394.705,"scroll",0,1668
810,1535,8419.740000000002,"scroll",0,1692
810,1535,8430.210000000001,"scroll",0,1703
810,1535,8517.46,"scroll",0,1686
810,1535,8791.170000000002,"scroll",0,1692
810,1535,8803.740000000002,"scroll",0,1697
810,1535,8815.090000000002,"scroll",0,1703
810,1535,8828.87,"scroll",0,1715
810,1535,8853.235000000002,"scroll",0,1721
810,1535,8952.445000000002,"scroll",0,1703
810,1535,8964.550000000001,"scroll",0,1692
810,1535,8977.75,"scroll",0,1668
810,1535,9014.22,"scroll",0,1657
810,1535,9064.135,"scroll",0,1645
810,1535,9126.405,"scroll",0,1633
810,1535,9163.85,"scroll",0,1604
810,1535,9189.095,"scroll",0,1592
810,1535,9201.475,"scroll",0,1581
810,1535,9213.73,"scroll",0,1552
810,1535,9238.810000000001,"scroll",0,1540
810,1535,9251.2,"scroll",0,1528
810,1535,9623.775,"scroll",0,1534
810,1535,9686.18,"scroll",0,1540
810,1535,9761.570000000002,"scroll",0,1546
810,1535,10009.43,"scroll",0,1552
810,1535,10073.37,"scroll",0,1557
810,1535,10246.04,"scroll",0,1563
810,1535,10271.215000000002,"scroll",0,1569
810,1535,10308.265000000001,"scroll",0,1581
810,1535,10320.995,"scroll",0,1587
810,1535,10332.235,"scroll",0,1598
810,1535,10356.945000000002,"scroll",0,1604
810,1535,10369.345000000001,"scroll",0,1610
810,1535,10382.07,"scroll",0,1622
810,1535,10420.460000000001,"scroll",0,1627
810,1535,10432.105000000001,"scroll",0,1633
810,1535,10992.295,"scroll",0,1639
810,1535,11153.545000000002,"scroll",0,1627
810,1535,11190.800000000001,"scroll",0,1616
810,1535,11275.435000000001,"mouseup",0,1616
810,1535,11450.435000000001,"mousemove",0,1616
810,1535,11475.435000000001,"mousemove",0,1616
810,1535,11488.435000000001,"mouseout",0,1616
810,1535,11488.435000000001,"mouseover",0,1616
810,1535,11488.435000000001,"mousemove",0,1616
810,1535,11499.435,"mousemove",0,1616
810,1535,11512.435000000001,"mousemove",0,1616
810,1535,11524.435000000001,"mousemove",0,1616
810,1535,11537.435,"mousemove",0,1616
810,1535,11549.435000000001,"mousemove",0,1616
810,1535,11562.435000000001,"mousemove",0,1616
810,1535,11574.435000000001,"mousemove",0,1616
810,1535,11587.435000000001,"mousemove",0,1616
810,1535,11599.435000000001,"mousemove",0,1616
810,1535,11612.435000000001,"mousemove",0,1616
810,1535,11624.435,"mousemove",0,1616
810,1535,11637.435000000001,"mousemove",0,1616
810,1535,11648.435000000001,"mousemove",0,1616
810,1535,11661.435000000001,"mousemove",0,1616
810,1535,11674.435000000001,"mousemove",0,1616
810,1535,11686.435000000001,"mousemove",0,1616
810,1535,11698.435000000001,"mousemove",0,1616
810,1535,11711.435000000001,"mousemove",0,1616
810,1535,11723.435,"mouseout",0,1616
810,1535,11723.435,"mouseover",0,1616
810,1535,11723.435,"mousemove",0,1616
810,1535,11736.435,"mousemove",0,1616
810,1535,11748.435000000001,"mousemove",0,1616
810,1535,11761.435000000001,"mousemove",0,1616
810,1535,11773.435000000001,"mousemove",0,1616
810,1535,11786.435000000001,"mousemove",0,1616
810,1535,11798.435000000001,"mouseout",0,1616
810,1535,11798.435000000001,"mouseover",0,1616
810,1535,11798.435000000001,"mousemove",0,1616
810,1535,11811.435000000001,"mouseout",0,1616
810,1535,11811.435000000001,"mouseover",0,1616
810,1535,11811.435000000001,"mousemove",0,1616
810,1535,11822.435000000001,"mousemove",0,1616
810,1535,11835.435,"mousemove",0,1616
810,1535,11847.435000000001,"mousemove",0,1616
810,1535,11860.435000000001,"mousemove",0,1616
810,1535,12072.435000000001,"mousemove",0,1616
810,1535,12084.435000000001,"mousemove",0,1616
810,1535,12097.435000000001,"mousemove",0,1616
810,1535,12108.435000000001,"mousemove",0,1616
810,1535,12121.435000000001,"mousemove",0,1616
810,1535,12133.435000000001,"mousemove",0,1616
810,1535,12146.435,"mousemove",0,1616
810,1535,12158.435000000001,"mousemove",0,1616
810,1535,12171.435000000001,"mousemove",0,1616
810,1535,12183.435000000001,"mousemove",0,1616
810,1535,12196.435000000001,"mousemove",0,1616
810,1535,12208.435000000001,"mousemove",0,1616
810,1535,12221.435000000001,"mousemove",0,1616
810,1535,12233.435000000001,"mouseout",0,1616
810,1535,12233.435000000001,"mouseover",0,1616
810,1535,12233.435000000001,"mousemove",0,1616
810,1535,12246.435000000001,"mousemove",0,1616
810,1535,12258.435000000001,"mousemove",0,1616
810,1535,12271.435,"mousemove",0,1616
810,1535,12283.435000000001,"mousemove",0,1616
810,1535,12481.435000000001,"mousedown",0,1616
810,1535,12484.02,"focusin",0,1616
810,1535,12532.435000000001,"mouseup",0,1616
810,1535,12532.435000000001,"click",0,1616
810,1535,12539.26,"scroll",0,0
810,1535,12640.285,"mousemove",0,0
810,1535,12793.435000000001,"mousemove",0,0
810,1535,12805.435000000001,"mousemove",0,0
810,1535,12830.435000000001,"mousemove",0,0
810,1535,12843.435000000001,"mousemove",0,0
810,1535,12855.435000000001,"mouseout",0,0
810,1535,12855.435000000001,"mouseover",0,0
810,1535,12855.435000000001,"mousemove",0,0
810,1535,12867.435000000001,"mousemove",0,0
810,1535,12879.435000000001,"mousemove",0,0
810,1535,12892.435000000001,"mouseout",0,0
810,1535,12892.435000000001,"mouseover",0,0
810,1535,12892.435000000001,"mousemove",0,0
810,1535,12904.435000000001,"mousemove",0,0
810,1535,12917.435000000001,"mouseout",0,0
810,1535,12917.435000000001,"mouseover",0,0
810,1535,12917.435000000001,"mousemove",0,0
810,1535,12929.435000000001,"mousemove",0,0
810,1535,12942.435000000001,"mousemove",0,0
810,1535,12954.435000000001,"mousemove",0,0
810,1535,12967.435000000001,"mousemove",0,0
810,1535,12979.435000000001,"mousemove",0,0
810,1535,12991.435000000001,"mousemove",0,0
810,1535,13004.435000000001,"mousemove",0,0
810,1535,13017.435000000001,"mousemove",0,0
810,1535,13029.435000000001,"mousemove",0,0
810,1535,13041.435000000001,"mousemove",0,0
810,1535,13054.435000000001,"mousemove",0,0
810,1535,13066.435,"mousemove",0,0
810,1535,14360.435000000001,"mousemove",0,0
810,1535,14373.435000000001,"mousemove",0,0
810,1535,14385.435000000001,"mousemove",0,0
810,1535,14398.435000000001,"mousemove",0,0
810,1535,14409.435000000001,"mousemove",0,0
810,1535,14421.435000000001,"mousemove",0,0
810,1535,14434.435000000001,"mousemove",0,0
810,1535,14446.435000000001,"mouseout",0,0
810,1535,14446.435000000001,"mouseover",0,0
810,1535,14446.435000000001,"mousemove",0,0
810,1535,14459.435000000001,"mousemove",0,0
810,1535,14471.435000000001,"mousemove",0,0
810,1535,14485.435000000001,"mousemove",0,0
810,1535,14496.435000000001,"mousemove",0,0
810,1535,14509.435000000001,"mousemove",0,0
810,1535,14521.435,"mousemove",0,0
810,1535,14534.435000000001,"mousemove",0,0
810,1535,14733.435000000001,"mousemove",0,0
810,1535,14745.435000000001,"mousemove",0,0
810,1535,15603.435000000001,"mousemove",0,0
810,1535,15616.435000000001,"mousemove",0,0
810,1535,15627.435000000001,"mousemove",0,0
810,1535,15640.435000000001,"mousemove",0,0
810,1535,15652.435000000001,"mousemove",0,0
810,1535,15665.435000000001,"mousemove",0,0
810,1535,15678.435000000001,"mouseout",0,0
810,1535,15678.435000000001,"mouseover",0,0
810,1535,15678.435000000001,"mousemove",0,0
810,1535,15690.435000000001,"mousemove",0,0
810,1535,15703.435000000001,"mousemove",0,0
810,1535,15715.435000000001,"mousemove",0,0
810,1535,15728.435000000001,"mousemove",0,0
810,1535,15740.435000000001,"mousemove",0,0
810,1535,15753.435000000001,"mousemove",0,0
810,1535,15765.435000000001,"mousemove",0,0
810,1535,15777.435000000001,"mousemove",0,0
810,1535,15789.435000000001,"mousemove",0,0
810,1535,15802.435000000001,"mousemove",0,0
810,1535,15815.435000000001,"mousemove",0,0
810,1535,15827.435000000001,"mousemove",0,0
810,1535,15839.435000000001,"mousemove",0,0
810,1535,15853.435000000001,"mousemove",0,0
810,1535,15876.435000000001,"mousemove",0,0
810,1535,15864.435000000001,"mousemove",0,0
810,1535,15889.435000000001,"mousemove",0,0
810,1535,15901.435000000001,"mousemove",0,0
810,1535,15914.435000000001,"mouseout",0,0
810,1535,15914.435000000001,"mouseover",0,0
810,1535,15914.435000000001,"mousemove",0,0
810,1535,15927.435000000001,"mouseout",0,0
810,1535,15927.435000000001,"mouseover",0,0
810,1535,15927.435000000001,"mousemove",0,0
810,1535,15939.435000000001,"mouseout",0,0
810,1535,15939.435000000001,"mouseover",0,0
810,1535,15939.435000000001,"mousemove",0,0
810,1535,15951.435000000001,"mousemove",0,0
810,1535,15964.435000000001,"mousemove",0,0
810,1535,15976.435000000001,"mousemove",0,0
810,1535,15989.435000000001,"mousemove",0,0
810,1535,16000.435000000003,"mouseout",0,0
810,1535,16000.435000000003,"mouseover",0,0
810,1535,16000.435000000003,"mousemove",0,0
810,1535,16013.435000000001,"mousemove",0,0
810,1535,16025.435000000001,"mousemove",0,0
810,1535,16038.435,"mousemove",0,0
810,1535,16051.435000000001,"mousemove",0,0
810,1535,16063.435000000001,"mousemove",0,0
810,1535,16076.435,"mousemove",0,0
810,1535,16114.435,"mousemove",0,0
810,1535,16125.435000000003,"mousemove",0,0
810,1535,16138.435000000001,"mouseout",0,0
810,1535,16138.435000000001,"mouseover",0,0
810,1535,16138.435000000001,"mousemove",0,0
810,1535,16150.435000000001,"mousemove",0,0
810,1535,16163.435,"mousemove",0,0
810,1535,16175.435,"mousemove",0,0
810,1535,16188.435000000001,"mousemove",0,0
810,1535,16201.435,"mousemove",0,0
810,1535,16212.435000000003,"mousemove",0,0
810,1535,16225.435000000001,"mousemove",0,0
810,1535,16237.435000000001,"mousemove",0,0
810,1535,16250.435000000003,"mousemove",0,0
810,1535,16262.435,"mousemove",0,0
810,1535,16275.435000000001,"mousemove",0,0
810,1535,16287.435000000001,"mousemove",0,0
810,1535,16300.435,"mousemove",0,0
810,1535,16486.435,"mousedown",0,0
810,1535,16489.365,"focusout",0,0
810,1535,16560.435,"mouseup",0,0
810,1535,16560.435,"click",0,0
810,1535,16784.435,"mouseout",0,0
810,1535,16784.435,"mouseover",0,0
810,1535,16784.435,"mousemove",0,0
810,1535,16797.435,"mousemove",0,0
810,1535,16809.435,"mousemove",0,0
810,1535,16822.435,"mousemove",0,0
810,1535,16834.435,"mousemove",0,0
810,1535,16847.435,"mousemove",0,0
810,1535,16858.435,"mousemove",0,0
810,1535,16871.435,"mousemove",0,0
810,1535,16883.435,"mousemove",0,0
810,1535,16896.435,"mousemove",0,0
810,1535,16908.435,"mousemove",0,0
810,1535,16921.435,"mousemove",0,0
810,1535,16933.435,"mousemove",0,0
810,1535,16946.435,"mousemove",0,0
810,1535,16958.435,"mousemove",0,0
810,1535,16971.435000000005,"mousemove",0,0
810,1535,16983.435,"mousemove",0,0
810,1535,16996.435,"mousemove",0,0
810,1535,17008.435,"mousemove",0,0
810,1535,17021.435,"mousemove",0,0
810,1535,17033.435,"mousemove",0,0
810,1535,17046.435,"mouseout",0,0
810,1535,17046.435,"mouseover",0,0
810,1535,17046.435,"mousemove",0,0
810,1535,17058.435,"mousemove",0,0
810,1535,17070.435,"mousemove",0,0
810,1535,17083.435,"mousemove",0,0
810,1535,17096.435000000005,"mousemove",0,0
810,1535,17108.435,"mousemove",0,0
810,1535,17120.435,"mousemove",0,0
810,1535,17132.435,"mousemove",0,0
810,1535,17144.435,"mousemove",0,0
810,1535,17157.435,"mousemove",0,0
810,1535,17169.435,"mousemove",0,0
810,1535,17182.435,"mousemove",0,0
810,1535,17194.435,"mousemove",0,0
810,1535,17207.435,"mousemove",0,0
810,1535,17220.435,"mousemove",0,0
810,1535,17233.435,"mousemove",0,0
810,1535,17257.435,"mousemove",0,0
810,1535,17270.435,"mousemove",0,0
810,1535,17282.435,"mousemove",0,0
810,1535,17294.435,"mousemove",0,0
810,1535,17306.435,"mousemove",0,0
810,1535,17319.435,"mousemove",0,0
810,1535,17331.435,"mousemove",0,0
810,1535,17332.435,"mousedown",0,0
810,1535,17345.435,"scroll",0,17
810,1535,17360.050000000003,"scroll",0,52
810,1535,17382.920000000002,"scroll",0,75
810,1535,17395.765,"scroll",0,99
810,1535,17408.4,"scroll",0,140
810,1535,17432.820000000003,"scroll",0,163
810,1535,17445.475000000002,"scroll",0,186
810,1535,17458.53,"scroll",0,239
810,1535,17482.71,"scroll",0,268
810,1535,17497.28,"scroll",0,303
810,1535,17509.67,"scroll",0,373
810,1535,17532.7,"scroll",0,414
810,1535,17545.055,"scroll",0,484
810,1535,17568.905000000002,"scroll",0,530
810,1535,17581.4,"scroll",0,577
810,1535,17594.69,"scroll",0,676
810,1535,17619.115,"scroll",0,717
810,1535,17631.410000000003,"scroll",0,758
810,1535,17643.790000000005,"scroll",0,828
810,1535,17668.86,"scroll",0,863
810,1535,17681.33,"scroll",0,886
810,1535,17693.715,"scroll",0,933
810,1535,17718.865,"scroll",0,956
810,1535,17731.265,"scroll",0,974
810,1535,17743.625,"scroll",0,991
810,1535,17781.375,"scroll",0,997
810,1535,17855.675000000003,"scroll",0,1003
810,1535,17967.235,"scroll",0,986
810,1535,18552.850000000002,"scroll",0,991
810,1535,18563.88,"scroll",0,997
810,1535,18578.005,"scroll",0,1015
810,1535,18602.135000000002,"scroll",0,1021
810,1535,18614.38,"scroll",0,1026
810,1535,18627.570000000003,"scroll",0,1056
810,1535,18650.895,"scroll",0,1073
810,1535,18663.255000000005,"scroll",0,1091
810,1535,18677.500000000004,"scroll",0,1137
810,1535,18700.45,"scroll",0,1155
810,1535,18713.38,"scroll",0,1178
810,1535,18726.475000000002,"scroll",0,1219
810,1535,18750.61,"scroll",0,1242
810,1535,18763.215000000004,"scroll",0,1260
810,1535,18776.335000000003,"scroll",0,1295
810,1535,18800.525,"scroll",0,1306
810,1535,18812.9,"scroll",0,1324
810,1535,18826.305,"scroll",0,1359
810,1535,18850.525,"scroll",0,1376
810,1535,18863.73,"scroll",0,1423
810,1535,18887.745000000003,"scroll",0,1446
810,1535,18900.02,"scroll",0,1476
810,1535,18912.29,"scroll",0,1517
810,1535,18937.315000000002,"scroll",0,1540
810,1535,18949.565000000002,"scroll",0,1563
810,1535,18962.005,"scroll",0,1604
810,1535,18987.115,"scroll",0,1622
810,1535,19000.125,"scroll",0,1633
810,1535,19011.705,"scroll",0,1662
810,1535,19036.905000000002,"scroll",0,1680
810,1535,19049.305,"scroll",0,1692
810,1535,19061.82,"scroll",0,1738
810,1535,19086.685,"scroll",0,1762
810,1535,19099.075000000004,"scroll",0,1779
810,1535,19111.755,"scroll",0,1832
810,1535,19136.44,"scroll",0,1855
810,1535,19148.82,"scroll",0,1872
810,1535,19161.88,"scroll",0,1890
810,1535,19597.230000000003,"scroll",0,1902
810,1535,19609.640000000003,"scroll",0,1948
810,1535,19633.14,"scroll",0,1977
810,1535,19646.315000000002,"scroll",0,2042
810,1535,19670.645,"scroll",0,2071
810,1535,19683.190000000002,"scroll",0,2100
810,1535,19696.155000000002,"scroll",0,2152
810,1535,19720.495000000003,"scroll",0,2182
810,1535,19732.905000000002,"scroll",0,2199
810,1535,19745.980000000003,"scroll",0,2252
810,1535,19770.500000000004,"scroll",0,2269
810,1535,19782.980000000003,"scroll",0,2293
810,1535,19796.675,"scroll",0,2339
810,1535,19820.355000000003,"scroll",0,2357
810,1535,19832.615,"scroll",0,2380
810,1535,19845.210000000003,"scroll",0,2415
810,1535,19870.48,"scroll",0,2438
810,1535,19883.38,"scroll",0,2456
810,1535,19896.75,"scroll",0,2503
810,1535,19919.295000000002,"scroll",0,2526
810,1535,19931.635,"scroll",0,2555
810,1535,19945.255000000005,"scroll",0,2590
810,1535,19968.9,"scroll",0,2608
810,1535,19981.38,"scroll",0,2625
810,1535,20006.255000000005,"scroll",0,2631
810,1535,20032.375,"scroll",0,2637
810,1535,20118.600000000002,"scroll",0,2643
810,1535,20131.265000000003,"scroll",0,2660
810,1535,20156.070000000003,"scroll",0,2672
810,1535,20168.420000000002,"scroll",0,2678
810,1535,20180.760000000002,"scroll",0,2695
810,1535,20205.600000000002,"scroll",0,2701
810,1535,20218.105,"scroll",0,2707
810,1535,20230.785,"scroll",0,2730
810,1535,20255.345,"scroll",0,2742
810,1535,20267.760000000002,"scroll",0,2765
810,1535,20280.320000000003,"scroll",0,2818
810,1535,20305.18,"scroll",0,2853
810,1535,20317.865,"scroll",0,2893
810,1535,20329.890000000003,"scroll",0,2963
810,1535,20354.63,"scroll",0,2993
810,1535,20367.105000000003,"scroll",0,3016
810,1535,20379.510000000002,"scroll",0,3051
810,1535,20404.575,"scroll",0,3063
810,1535,20417.095000000005,"scroll",0,3074
810,1535,20429.575000000004,"scroll",0,3086
810,1535,20454.235,"scroll",0,3092
810,1535,20466.675000000003,"scroll",0,3098
810,1535,20479.405000000002,"scroll",0,3115
810,1535,20504.055,"scroll",0,3127
810,1535,20516.335000000003,"scroll",0,3139
810,1535,20529.765,"scroll",0,3150
810,1535,21348.435,"mouseup",0,3150
810,1535,21460.435,"mousemove",0,3150
810,1535,21473.435,"mousemove",0,3150
810,1535,21485.435,"mouseout",0,3150
810,1535,21485.435,"mouseover",0,3150
810,1535,21485.435,"mousemove",0,3150
810,1535,21498.435,"mousemove",0,3150
810,1535,21510.435,"mousemove",0,3150
810,1535,21522.435,"mouseout",0,3150
810,1535,21522.435,"mouseover",0,3150
810,1535,21522.435,"mousemove",0,3150
810,1535,21535.435000000005,"mousemove",0,3150
810,1535,21548.435,"mousemove",0,3150
810,1535,21559.435,"mouseout",0,3150
810,1535,21559.435,"mouseover",0,3150
810,1535,21559.435,"mousemove",0,3150
810,1535,21571.435,"mouseout",0,3150
810,1535,21571.435,"mouseover",0,3150
810,1535,21571.435,"mousemove",0,3150
810,1535,21584.435,"mouseout",0,3150
810,1535,21584.435,"mouseover",0,3150
810,1535,21584.435,"mousemove",0,3150
810,1535,21596.435000000005,"mouseout",0,3150
810,1535,21596.435000000005,"mouseover",0,3150
810,1535,21596.435000000005,"mousemove",0,3150
810,1535,21609.435,"mousemove",0,3150
810,1535,21621.435,"mousemove",0,3150
810,1535,21634.435000000005,"mousemove",0,3150
810,1535,21646.435,"mousemove",0,3150
810,1535,21659.435,"mousemove",0,3150
810,1535,21672.435,"mousemove",0,3150
810,1535,21684.435,"mousemove",0,3150
810,1535,21697.435,"mousemove",0,3150
810,1535,21709.435,"mousemove",0,3150
810,1535,21722.435,"mousemove",0,3150
810,1535,21734.435,"mousemove",0,3150
810,1535,21747.435,"mousemove",0,3150
810,1535,21759.435000000005,"mouseout",0,3150
810,1535,21759.435000000005,"mouseover",0,3150
810,1535,21759.435000000005,"mousemove",0,3150
810,1535,21771.435,"mousemove",0,3150
810,1535,21783.435,"mousemove",0,3150
810,1535,21796.435,"mousemove",0,3150
810,1535,21808.435,"mousemove",0,3150
810,1535,21820.435000000005,"mousemove",0,3150
810,1535,21833.435,"mousemove",0,3150
810,1535,21845.435,"mousemove",0,3150
810,1535,21858.435,"mousemove",0,3150
810,1535,21870.435,"mousemove",0,3150
810,1535,21883.435,"mousemove",0,3150
810,1535,21894.435,"mousemove",0,3150
810,1535,21907.435,"mousemove",0,3150
810,1535,21920.435,"mousemove",0,3150
810,1535,21933.435,"mousemove",0,3150
810,1535,21944.435,"mousemove",0,3150
810,1535,21957.435,"mousemove",0,3150
810,1535,21970.435,"mousemove",0,3150
810,1535,21982.435,"mousemove",0,3150
810,1535,21995.435,"mousemove",0,3150
810,1535,22007.435,"mousemove",0,3150
810,1535,22020.435,"mousemove",0,3150
810,1535,22032.435,"mousemove",0,3150
810,1535,22045.435,"mousemove",0,3150
810,1535,22057.435,"mousemove",0,3150
810,1535,22070.435000000005,"mousemove",0,3150
810,1535,22082.435,"mousemove",0,3150
810,1535,22095.435,"mousemove",0,3150
810,1535,22107.435,"mousemove",0,3150
810,1535,22119.435,"mousemove",0,3150
810,1535,22131.435000000005,"mousemove",0,3150
810,1535,22144.435,"mousemove",0,3150
810,1535,22156.435,"mousemove",0,3150
810,1535,22169.435000000005,"mousemove",0,3150
810,1535,22181.435,"mousemove",0,3150
810,1535,22194.435,"mousemove",0,3150
810,1535,22206.435,"mousemove",0,3150
810,1535,22219.435,"mousemove",0,3150
810,1535,22232.435,"mousemove",0,3150
810,1535,22256.435000000005,"mousemove",0,3150
810,1535,22492.435,"mousedown",0,3150
810,1535,22566.435,"mouseup",0,3150
810,1535,22566.435,"click",0,3150
810,1535,22691.435,"mousemove",0,3150
810,1535,22703.435,"mousemove",0,3150
810,1535,22716.435,"mousemove",0,3150
810,1535,22728.435,"mouseout",0,3150
810,1535,22728.435,"mouseover",0,3150
810,1535,22728.435,"mousemove",0,3150
810,1535,22741.435,"mousemove",0,3150
810,1535,22753.435000000005,"mousemove",0,3150
810,1535,22766.435,"mousemove",0,3150
810,1535,22778.435,"mousemove",0,3150
810,1535,22791.435000000005,"mousemove",0,3150
810,1535,22803.435,"mousemove",0,3150
810,1535,22816.435,"mousemove",0,3150
810,1535,22828.435,"mousemove",0,3150
810,1535,22840.435,"mousemove",0,3150
810,1535,22976.435,"mousedown",0,3150
810,1535,22980.095,"focusin",0,3150
810,1535,23014.435,"mouseup",0,3150
810,1535,23014.435,"click",0,3150
810,1535,23027.530000000002,"scroll",0,0
810,1535,23127.65,"mouseout",0,0
810,1535,23127.65,"mouseover",0,0
810,1535,23127.65,"mousemove",0,0
810,1535,23436.435,"mousemove",0,0
810,1535,23449.435,"mousemove",0,0
810,1535,23461.435,"mousemove",0,0
810,1535,23475.435,"mousemove",0,0
810,1535,23486.435,"mousemove",0,0
810,1535,23500.435,"mousemove",0,0
810,1535,23511.435,"mouseout",0,0
810,1535,23511.435,"mouseover",0,0
810,1535,23511.435,"mousemove",0,0
810,1535,23524.435,"mousemove",0,0
810,1535,23536.435,"mousemove",0,0
810,1535,23549.435,"mousemove",0,0
810,1535,23561.435,"mousemove",0,0
810,1535,23574.435,"mousemove",0,0
810,1535,23587.435,"mousemove",0,0
810,1535,23599.435000000005,"mousemove",0,0
810,1535,23611.435,"mousemove",0,0
810,1535,23623.435,"mouseout",0,0
810,1535,23623.435,"mouseover",0,0
810,1535,23623.435,"mousemove",0,0
810,1535,23636.435,"mousemove",0,0
810,1535,23648.435,"mouseout",0,0
810,1535,23648.435,"mouseover",0,0
810,1535,23648.435,"mousemove",0,0
810,1535,23661.435,"mousemove",0,0
810,1535,23674.435,"mousemove",0,0
810,1535,23685.435,"mousemove",0,0
810,1535,23697.435,"mousemove",0,0
810,1535,23710.435,"mousemove",0,0
810,1535,23722.435,"mousemove",0,0
810,1535,24369.435,"mousemove",0,0
810,1535,24382.435,"mousemove",0,0
810,1535,24394.435,"mousemove",0,0
810,1535,24407.435,"mousemove",0,0
810,1535,24419.435000000005,"mousemove",0,0
810,1535,24431.435,"mousemove",0,0
810,1535,24444.435,"mousemove",0,0
810,1535,24456.435,"mousemove",0,0
810,1535,24470.435,"mousemove",0,0
810,1535,24482.435,"mousemove",0,0
810,1535,24495.435,"mousemove",0,0
810,1535,24506.435000000005,"mouseout",0,0
810,1535,24506.435000000005,"mouseover",0,0
810,1535,24506.435000000005,"mousemove",0,0
810,1535,24519.435,"mousemove",0,0
810,1535,24531.435,"mouseout",0,0
810,1535,24531.435,"mouseover",0,0
810,1535,24531.435,"mousemove",0,0
810,1535,24543.435,"mouseout",0,0
810,1535,24543.435,"mouseover",0,0
810,1535,24543.435,"mousemove",0,0
810,1535,24556.435,"mousemove",0,0
810,1535,24568.435,"mousemove",0,0
810,1535,24581.435,"mousemove",0,0
810,1535,24593.435,"mousemove",0,0
810,1535,24606.435,"mousemove",0,0
810,1535,24618.435,"mousemove",0,0
810,1535,24631.435000000005,"mouseout",0,0
810,1535,24631.435000000005,"mouseover",0,0
810,1535,24631.435000000005,"mousemove",0,0
810,1535,24643.435000000005,"mousemove",0,0
810,1535,24656.435,"mousemove",0,0
810,1535,24668.435,"mousemove",0,0
810,1535,24681.435,"mouseout",0,0
810,1535,24681.435,"mouseover",0,0
810,1535,24681.435,"mousemove",0,0
810,1535,24694.435,"mousemove",0,0
810,1535,24706.435,"mousemove",0,0
810,1535,24719.435,"mousemove",0,0
810,1535,24730.435000000005,"mousemove",0,0
810,1535,24743.435,"mousemove",0,0
810,1535,24755.435,"mousemove",0,0
810,1535,24768.435000000005,"mousemove",0,0
810,1535,24780.435,"mousemove",0,0
810,1535,24793.435,"mousemove",0,0
810,1535,24806.435,"mousemove",0,0
810,1535,24818.435,"mousemove",0,0
810,1535,24830.435,"mousemove",0,0
810,1535,24843.435,"mousemove",0,0
810,1535,24855.435000000005,"mousemove",0,0
810,1535,24867.435,"mousemove",0,0
810,1535,24880.435,"mousemove",0,0
810,1535,24893.435000000005,"mousemove",0,0
810,1535,24904.435,"mousemove",0,0
810,1535,24916.435000000005,"mousemove",0,0
810,1535,24929.435,"mouseout",0,0
810,1535,24929.435,"mouseover",0,0
810,1535,24929.435,"mousemove",0,0
810,1535,24941.435,"mousemove",0,0
810,1535,24954.435000000005,"mousemove",0,0
810,1535,24966.435,"mousemove",0,0
810,1535,24979.435,"mousemove",0,0
810,1535,24991.435,"mousemove",0,0
810,1535,25004.435,"mousemove",0,0
810,1535,25016.435,"mousemove",0,0
810,1535,25029.435,"mousemove",0,0
810,1535,25041.435000000005,"mousemove",0,0
810,1535,25053.435,"mousemove",0,0
810,1535,25066.435,"mousemove",0,0
810,1535,25078.435,"mousemove",0,0
810,1535,25091.435,"mousemove",0,0
810,1535,25103.435,"mouseout",0,0
810,1535,25103.435,"mouseover",0,0
810,1535,25103.435,"mousemove",0,0
810,1535,25116.435,"mouseout",0,0
810,1535,25116.435,"mouseover",0,0
810,1535,25116.435,"mousemove",0,0
810,1535,25128.435000000005,"mouseout",0,0
810,1535,25128.435000000005,"mouseover",0,0
810,1535,25128.435000000005,"mousemove",0,0
810,1535,25141.435,"mouseout",0,0
810,1535,25141.435,"mouseover",0,0
810,1535,25141.435,"mousemove",0,0
810,1535,25153.435,"mouseout",0,0
810,1535,25153.435,"mouseover",0,0
810,1535,25153.435,"mousemove",0,0
810,1535,25165.435,"mouseout",0,0
810,1535,25165.435,"mouseover",0,0
810,1535,25165.435,"mousemove",0,0
810,1535,25178.435,"mousemove",0,0
810,1535,25191.435,"mousemove",0,0
810,1535,25202.435,"mousemove",0,0
810,1535,25215.435,"mousemove",0,0
810,1535,25228.435,"mousemove",0,0
810,1535,25241.435,"mousemove",0,0
810,1535,25253.435000000005,"mousemove",0,0
810,1535,25551.435,"mousemove",0,0
810,1535,25564.435000000005,"mouseout",0,0
810,1535,25564.435000000005,"mouseover",0,0
810,1535,25564.435000000005,"mousemove",0,0
810,1535,25576.435000000005,"mousemove",0,0
810,1535,25589.435,"mousemove",0,0
810,1535,25601.435,"mousemove",0,0
810,1535,25614.435000000005,"mousemove",0,0
810,1535,25626.435,"mousemove",0,0
810,1535,25639.435,"mousemove",0,0
810,1535,25651.435,"mousemove",0,0
810,1535,25664.435,"mousemove",0,0
810,1535,25676.435,"mousemove",0,0
810,1535,25687.435,"mousemove",0,0
810,1535,25700.435,"mousemove",0,0
810,1535,25713.435,"mousemove",0,0
810,1535,25725.435,"mousemove",0,0
810,1535,26745.435,"mousedown",0,0
810,1535,26749.370000000003,"focusout",0,0
810,1535,26782.435,"mouseup",0,0
810,1535,26782.435,"click",0,0
810,1535,27143.435000000005,"mouseout",0,0
810,1535,27143.435000000005,"mouseover",0,0
810,1535,27143.435000000005,"mousemove",0,0
810,1535,27155.435,"mousemove",0,0
810,1535,27168.435,"mousemove",0,0
810,1535,27180.435,"mousemove",0,0
810,1535,27193.435,"mouseout",0,0
810,1535,27193.435,"mouseover",0,0
810,1535,27193.435,"mousemove",0,0
810,1535,27205.435,"mousemove",0,0
810,1535,27218.435,"mousemove",0,0
810,1535,27230.435000000005,"mousemove",0,0
810,1535,27242.435000000005,"mousemove",0,0
810,1535,27255.435,"mousemove",0,0
810,1535,27267.435,"mousemove",0,0
810,1535,27280.435,"mousemove",0,0
810,1535,27293.435,"mousemove",0,0
810,1535,27305.435,"mousemove",0,0
810,1535,27317.435000000005,"mousemove",0,0
810,1535,27329.435000000005,"mousemove",0,0
810,1535,27342.435,"mousemove",0,0
810,1535,27354.435,"mouseout",0,0
810,1535,27354.435,"mouseover",0,0
810,1535,27354.435,"mousemove",0,0
810,1535,27367.435000000005,"mousemove",0,0
810,1535,27379.435,"mousemove",0,0
810,1535,27392.435,"mousemove",0,0
810,1535,27404.435,"mouseout",0,0
810,1535,27404.435,"mouseover",0,0
810,1535,27404.435,"mousemove",0,0
810,1535,28113.435,"mousemove",0,0
810,1535,28125.435,"mousemove",0,0
810,1535,28138.435,"mouseout",0,0
810,1535,28138.435,"mouseover",0,0
810,1535,28138.435,"mousemove",0,0
810,1535,28150.435,"mousemove",0,0
810,1535,28163.435000000005,"mousemove",0,0
810,1535,28175.435000000005,"mousemove",0,0
810,1535,28188.435,"mousemove",0,0
810,1535,28200.435,"mousemove",0,0
810,1535,28213.435000000005,"mousemove",0,0
810,1535,28225.435,"mousemove",0,0
810,1535,28237.435,"mouseout",0,0
810,1535,28237.435,"mouseover",0,0
810,1535,28237.435,"mousemove",0,0
810,1535,28262.435000000005,"mousemove",0,0
810,1535,28262.435000000005,"mouseover",0,0
810,1535,28262.435000000005,"mouseout",0,0
810,1535,28250.435,"mousemove",0,0
810,1535,28250.435,"mouseover",0,0
810,1535,28250.435,"mouseout",0,0
810,1535,28275.435,"mousemove",0,0
810,1535,28287.435,"mousemove",0,0
810,1535,28300.435000000005,"mousemove",0,0
810,1535,28312.435,"mouseout",0,0
810,1535,28312.435,"mouseover",0,0
810,1535,28312.435,"mousemove",0,0
810,1535,28325.435,"mousemove",0,0
810,1535,28337.435,"mousemove",0,0
810,1535,28350.435,"mousemove",0,0
810,1535,28362.435,"mousemove",0,0
810,1535,28400.435,"mousemove",0,0
810,1535,28412.435,"mousemove",0,0
810,1535,28423.435,"mousemove",0,0
810,1535,28436.435,"mousemove",0,0
810,1535,28449.435,"mousemove",0,0
810,1535,28461.435,"mousemove",0,0
810,1535,28474.435000000005,"mousemove",0,0
810,1535,28487.435,"mousemove",0,0
810,1535,28499.435,"mousemove",0,0
810,1535,28512.435000000005,"mousemove",0,0
810,1535,28523.435,"mousemove",0,0
810,1535,28536.435,"mousemove",0,0
810,1535,28548.435,"mouseout",0,0
810,1535,28548.435,"mouseover",0,0
810,1535,28548.435,"mousemove",0,0
810,1535,28560.435,"mousemove",0,0
810,1535,28573.435000000005,"mousemove",0,0
810,1535,28586.435,"mousemove",0,0
810,1535,28598.435,"mousemove",0,0
810,1535,28611.435000000005,"mousemove",0,0
810,1535,28623.435,"mousemove",0,0
810,1535,28636.435,"mousemove",0,0
810,1535,29356.435,"mousedown",0,0
810,1535,29363.370000000003,"focusin",0,0
810,1535,29430.435,"mouseup",0,0
810,1535,29459.010000000002,"scroll",0,1
810,1535,29471.475000000002,"scroll",0,3
810,1535,29484.445,"scroll",0,7
810,1535,29497.420000000002,"scroll",0,12
810,1535,29511.300000000003,"scroll",0,26
810,1535,29536.395000000004,"scroll",0,35
810,1535,29549.420000000002,"scroll",0,45
810,1535,29562.390000000003,"scroll",0,56
810,1535,29577.005000000005,"scroll",0,83
810,1535,29601.41,"scroll",0,98
810,1535,29614.375000000004,"scroll",0,115
810,1535,29627.370000000003,"scroll",0,151
810,1535,29653.385000000002,"scroll",0,171
810,1535,29666.395,"scroll",0,192
810,1535,29679.425000000003,"scroll",0,237
810,1535,29705.395000000004,"scroll",0,261
810,1535,29718.420000000002,"scroll",0,285
810,1535,29731.365000000005,"scroll",0,311
810,1535,29744.375,"scroll",0,365
810,1535,29770.425000000003,"scroll",0,393
810,1535,29783.400000000005,"scroll",0,422
810,1535,29796.315000000002,"scroll",0,451
810,1535,29810.415,"scroll",0,511
810,1535,29835.410000000003,"scroll",0,542
810,1535,29848.385000000006,"scroll",0,574
810,1535,29861.355000000003,"scroll",0,638
810,1535,29887.445000000003,"scroll",0,670
810,1535,29900.415,"scroll",0,703
810,1535,29913.4,"scroll",0,736
810,1535,29926.990000000005,"scroll",0,802
810,1535,29952.435,"scroll",0,835
810,1535,29965.370000000003,"scroll",0,868
810,1535,29978.36,"scroll",0,934
810,1535,30004.420000000002,"scroll",0,966
810,1535,30017.415000000005,"scroll",0,999
810,1535,30030.400000000005,"scroll",0,1031
810,1535,30043.59,"scroll",0,1093
810,1535,30069.41,"scroll",0,1124
810,1535,30082.505,"scroll",0,1157
810,1535,30095.350000000002,"scroll",0,1213
810,1535,30121.455,"scroll",0,1241
810,1535,30134.475000000002,"scroll",0,1269
810,1535,30147.485000000004,"scroll",0,1296
810,1535,30160.890000000003,"scroll",0,1347
810,1535,30186.415000000005,"scroll",0,1371
810,1535,30199.455000000005,"scroll",0,1395
810,1535,30212.395,"scroll",0,1438
810,1535,30238.525,"scroll",0,1460
810,1535,30251.455,"scroll",0,1478
810,1535,30264.515000000003,"scroll",0,1497
810,1535,30277.835000000003,"scroll",0,1529
810,1535,30303.455,"scroll",0,1543
810,1535,30316.475000000006,"scroll",0,1558
810,1535,30327.435,"mousemove",0,1558
810,1535,30339.435,"mousemove",0,1569
810,1535,30329.390000000003,"scroll",0,1580
810,1535,30351.435,"mousemove",0,1580
810,1535,30355.445000000003,"scroll",0,1589
810,1535,30364.435000000005,"mousemove",0,1589
810,1535,30368.450000000004,"scroll",0,1598
810,1535,30376.435,"mouseout",0,1598
810,1535,30376.435,"mouseover",0,1598
810,1535,30376.435,"mousemove",0,1598
810,1535,30389.435,"mousemove",0,1605
810,1535,30381.405000000002,"scroll",0,1605
810,1535,30401.435,"mouseout",0,1611
810,1535,30401.435,"mouseover",0,1611
810,1535,30401.435,"mousemove",0,1611
810,1535,30394.520000000004,"scroll",0,1615
810,1535,30414.435,"mousemove",0,1615
810,1535,30420.475000000002,"scroll",0,1618
810,1535,30426.435,"mousemove",0,1618
810,1535,30438.435,"mouseout",0,1619
810,1535,30438.435,"mouseover",0,1619
810,1535,30438.435,"mousemove",0,1619
810,1535,30433.445000000003,"scroll",0,1619
810,1535,30451.435000000005,"mouseout",0,1620
810,1535,30451.435000000005,"mouseover",0,1620
810,1535,30451.435000000005,"mousemove",0,1620
810,1535,30446.74,"scroll",0,1620
810,1535,30463.435000000005,"mousemove",0,1620
810,1535,30476.435,"mouseout",0,1620
810,1535,30476.435,"mouseover",0,1620
810,1535,30476.435,"mousemove",0,1620
810,1535,30488.435,"mousemove",0,1620
810,1535,30501.435,"mouseout",0,1620
810,1535,30501.435,"mouseover",0,1620
810,1535,30501.435,"mousemove",0,1620
810,1535,30513.435,"mousemove",0,1620
810,1535,30526.435,"mousemove",0,1620
810,1535,30538.435000000005,"mousemove",0,1620
810,1535,30550.435000000005,"mouseout",0,1620
810,1535,30550.435000000005,"mouseover",0,1620
810,1535,30550.435000000005,"mousemove",0,1620
810,1535,30563.435,"mousemove",0,1620
810,1535,30575.435,"mousemove",0,1620
810,1535,30588.435000000005,"mousemove",0,1620
810,1535,30600.435,"mouseout",0,1620
810,1535,30600.435,"mouseover",0,1620
810,1535,30600.435,"mousemove",0,1620
810,1535,30613.435,"mouseout",0,1620
810,1535,30613.435,"mouseover",0,1620
810,1535,30613.435,"mousemove",0,1620
810,1535,31670.435,"mousemove",0,1620
810,1535,31682.435,"mousemove",0,1620
810,1535,31694.435,"mouseout",0,1620
810,1535,31694.435,"mouseover",0,1620
810,1535,31694.435,"mousemove",0,1620
810,1535,31707.435000000005,"mousemove",0,1620
810,1535,31719.435000000005,"mousemove",0,1620
810,1535,31732.435,"mousemove",0,1620
810,1535,31744.435,"mousemove",0,1620
810,1535,31757.435,"mousemove",0,1620
810,1535,31769.435,"mousemove",0,1620
810,1535,31782.435,"mousemove",0,1620
810,1535,31794.435000000005,"mousemove",0,1620
810,1535,31807.435,"mousemove",0,1620
810,1535,31819.435,"mousemove",0,1620
810,1535,31831.435,"mousemove",0,1620
810,1535,31843.435,"mousemove",0,1620
810,1535,31856.435,"mousemove",0,1620
810,1535,31869.435,"mousemove",0,1620
810,1535,31881.435000000005,"mouseout",0,1620
810,1535,31881.435000000005,"mouseover",0,1620
810,1535,31881.435000000005,"mousemove",0,1620
810,1535,31893.435000000005,"mousemove",0,1620
810,1535,31906.435,"mousemove",0,1620
810,1535,31918.435,"mousemove",0,1620
810,1535,31931.435000000005,"mousemove",0,1620
810,1535,31943.435,"mouseout",0,1620
810,1535,31943.435,"mouseover",0,1620
810,1535,31943.435,"mousemove",0,1620
810,1535,31956.435,"mousemove",0,1620
810,1535,31968.435,"mousemove",0,1620
810,1535,31981.435,"mousemove",0,1620
810,1535,31993.435,"mousemove",0,1620
810,1535,32006.435000000005,"mouseout",0,1620
810,1535,32006.435000000005,"mouseover",0,1620
810,1535,32006.435000000005,"mousemove",0,1620
810,1535,32018.435000000005,"mousemove",0,1620
810,1535,32031.435,"mousemove",0,1620
810,1535,32043.435,"mousemove",0,1620
810,1535,32056.435,"mousemove",0,1620
810,1535,32068.435,"mousemove",0,1620
810,1535,32080.435,"mousemove",0,1620
810,1535,32093.434999999998,"mousemove",0,1620
810,1535,32204.435000000005,"mousemove",0,1620
810,1535,32216.435000000005,"mousemove",0,1620
810,1535,32229.435,"mousemove",0,1620
810,1535,32241.435,"mousemove",0,1620
810,1535,32254.435,"mousemove",0,1620
810,1535,32267.435000000005,"mousemove",0,1620
810,1535,32279.434999999998,"mousemove",0,1620
810,1535,32292.435000000005,"mousemove",0,1620
810,1535,32304.435000000005,"mousemove",0,1620
810,1535,32317.435000000005,"mousemove",0,1620
810,1535,32329.435000000005,"mousemove",0,1620
810,1535,32341.435000000005,"mousemove",0,1620
810,1535,32365.435000000005,"mouseout",0,1620
810,1535,32365.435000000005,"mouseover",0,1620
810,1535,32365.435000000005,"mousemove",0,1620
810,1535,32988.435000000005,"mousedown",0,1620
810,1535,32992.975,"focusout",0,1620
810,1535,32993.21000000001,"focusin",0,1620
810,1535,33074.435,"mouseup",0,1620
810,1535,33091.59500000001,"scroll",0,1619
810,1535,33104.925,"scroll",0,1618
810,1535,33118.375,"scroll",0,1614
810,1535,33143.455,"scroll",0,1611
810,1535,33156.44,"scroll",0,1607
810,1535,33169.405000000006,"scroll",0,1603
810,1535,33182.395,"scroll",0,1592
810,1535,33208.435000000005,"scroll",0,1586
810,1535,33221.450000000004,"scroll",0,1579
810,1535,33234.42,"scroll",0,1572
810,1535,33248.925,"scroll",0,1555
810,1535,33273.50000000001,"scroll",0,1546
810,1535,33286.47,"scroll",0,1536
810,1535,33299.385,"scroll",0,1515
810,1535,33325.43000000001,"scroll",0,1504
810,1535,33338.435000000005,"scroll",0,1492
810,1535,33351.43,"scroll",0,1479
810,1535,33365.68000000001,"scroll",0,1454
810,1535,33390.505000000005,"scroll",0,1440
810,1535,33403.45,"scroll",0,1426
810,1535,33416.345,"scroll",0,1397
810,1535,33442.415,"scroll",0,1382
810,1535,33455.44,"scroll",0,1367
810,1535,33468.445,"scroll",0,1352
810,1535,33482.415,"scroll",0,1320
810,1535,33498.435,"mousemove",0,1320
810,1535,33510.435,"mousemove",0,1304
810,1535,33507.47000000001,"scroll",0,1304
810,1535,33523.435,"mousemove",0,1287
810,1535,33520.48,"scroll",0,1287
810,1535,33535.435,"mouseout",0,1272
810,1535,33535.435,"mouseover",0,1272
810,1535,33535.435,"mousemove",0,1272
810,1535,33533.4,"scroll",0,1255
810,1535,33547.435,"mousemove",0,1255
810,1535,33560.435000000005,"mouseout",0,1239
810,1535,33560.435000000005,"mouseover",0,1239
810,1535,33560.435000000005,"mousemove",0,1239
810,1535,33559.46,"scroll",0,1239
810,1535,33572.435000000005,"mousemove",0,1222
810,1535,33572.46,"scroll",0,1222
810,1535,33585.435000000005,"mouseout",0,1206
810,1535,33585.435000000005,"mouseover",0,1206
810,1535,33585.435000000005,"mousemove",0,1206
810,1535,33585.420000000006,"scroll",0,1206
810,1535,33597.435000000005,"mousemove",0,1206
810,1535,33610.435000000005,"mouseout",0,1187
810,1535,33610.435000000005,"mouseover",0,1187
810,1535,33610.435000000005,"mousemove",0,1187
810,1535,33599.965000000004,"scroll",0,1171
810,1535,33622.435000000005,"mouseout",0,1171
810,1535,33622.435000000005,"mouseover",0,1171
810,1535,33622.435000000005,"mousemove",0,1171
810,1535,33624.35,"scroll",0,1156
810,1535,33634.435000000005,"mousemove",0,1156
810,1535,33637.44,"scroll",0,1140
810,1535,33647.435000000005,"mousemove",0,1140
810,1535,33658.435000000005,"mousemove",0,1124
810,1535,33650.48,"scroll",0,1108
810,1535,33671.435000000005,"mousemove",0,1108
810,1535,33676.47,"scroll",0,1091
810,1535,33683.435000000005,"mousemove",0,1091
810,1535,33696.435,"mouseout",0,1075
810,1535,33696.435,"mouseover",0,1075
810,1535,33696.435,"mousemove",0,1075
810,1535,33689.475,"scroll",0,1075
810,1535,33708.435000000005,"mousemove",0,1061
810,1535,33702.51500000001,"scroll",0,1061
810,1535,33721.435,"mousemove",0,1044
810,1535,33716.4,"scroll",0,1031
810,1535,33734.435000000005,"mousemove",0,1031
810,1535,33747.435000000005,"mousemove",0,1002
810,1535,33741.5,"scroll",0,1002
810,1535,33758.435000000005,"mousemove",0,1002
810,1535,33771.435000000005,"mousemove",0,988
810,1535,33767.46,"scroll",0,974
810,1535,33783.435000000005,"mousemove",0,974
810,1535,33796.435000000005,"mousemove",0,961
810,1535,33793.465000000004,"scroll",0,961
810,1535,33808.435000000005,"mousemove",0,948
810,1535,33806.525,"scroll",0,948
810,1535,33821.435,"mousemove",0,935
810,1535,33819.515,"scroll",0,935
810,1535,33833.435000000005,"mousemove",0,924
810,1535,33846.435,"mouseout",0,912
810,1535,33846.435,"mouseover",0,912
810,1535,33846.435,"mousemove",0,912
810,1535,33832.875,"scroll",0,912
810,1535,33858.435,"mousemove",0,902
810,1535,33858.58,"scroll",0,902
810,1535,33871.435000000005,"mousemove",0,891
810,1535,33871.49,"scroll",0,891
810,1535,33883.435000000005,"mousemove",0,891
810,1535,33896.435000000005,"mousemove",0,882
810,1535,33884.950000000004,"scroll",0,873
810,1535,33908.435000000005,"mousemove",0,873
810,1535,33910.385,"scroll",0,865
810,1535,33920.435000000005,"mousemove",0,865
810,1535,33923.495,"scroll",0,857
810,1535,33933.435000000005,"mouseout",0,857
810,1535,33933.435000000005,"mouseover",0,857
810,1535,33933.435000000005,"mousemove",0,857
810,1535,33945.435000000005,"mousemove",0,849
810,1535,33936.44,"scroll",0,849
810,1535,33958.435000000005,"mousemove",0,842
810,1535,33949.395000000004,"scroll",0,836
810,1535,33970.435000000005,"mouseout",0,836
810,1535,33970.435000000005,"mouseover",0,836
810,1535,33970.435000000005,"mousemove",0,836
810,1535,33975.465,"scroll",0,830
810,1535,33983.435,"mousemove",0,830
810,1535,33995.435,"mousemove",0,825
810,1535,33988.5,"scroll",0,825
810,1535,34007.435,"mousemove",0,821
810,1535,34001.420000000006,"scroll",0,818
810,1535,34020.435000000005,"mousemove",0,818
810,1535,34027.5,"scroll",0,814
810,1535,34032.435,"mouseout",0,814
810,1535,34032.435,"mouseover",0,814
810,1535,34032.435,"mousemove",0,814
810,1535,34045.435000000005,"mousemove",0,812
810,1535,34040.465000000004,"scroll",0,812
810,1535,34057.435000000005,"mouseout",0,811
810,1535,34057.435000000005,"mouseover",0,811
810,1535,34057.435000000005,"mousemove",0,811
810,1535,34053.475000000006,"scroll",0,811
810,1535,34070.435000000005,"mouseout",0,810
810,1535,34070.435000000005,"mouseover",0,810
810,1535,34070.435000000005,"mousemove",0,810
810,1535,34066.395,"scroll",0,810
810,1535,34082.435000000005,"mousemove",0,810
810,1535,34095.435000000005,"mousemove",0,810
810,1535,34107.435000000005,"mousemove",0,810
810,1535,34119.435000000005,"mousemove",0,810
810,1535,34132.435,"mousemove",0,810
810,1535,34144.435000000005,"mousemove",0,810
810,1535,34157.435,"mousemove",0,810
810,1535,34168.435000000005,"mousemove",0,810
810,1535,34181.435,"mousemove",0,810
810,1535,34193.435,"mousemove",0,810
810,1535,34206.435000000005,"mousemove",0,810
810,1535,34218.435,"mousemove",0,810
810,1535,34231.435000000005,"mousemove",0,810
810,1535,34243.435000000005,"mousemove",0,810
810,1535,34256.435000000005,"mousemove",0,810
810,1535,34268.435000000005,"mousemove",0,810
810,1535,34280.435000000005,"mousemove",0,810
810,1535,34294.435,"mousemove",0,810
810,1535,34306.435,"mousemove",0,810
810,1535,34319.435000000005,"mousemove",0,810
810,1535,34331.435000000005,"mousemove",0,810
810,1535,34343.435,"mousemove",0,810
810,1535,34356.435000000005,"mouseout",0,810
810,1535,34356.435000000005,"mouseover",0,810
810,1535,34356.435000000005,"mousemove",0,810
810,1535,34368.435000000005,"mousemove",0,810
810,1535,34380.435000000005,"mousemove",0,810
810,1535,34393.435000000005,"mouseout",0,810
810,1535,34393.435000000005,"mouseover",0,810
810,1535,34393.435000000005,"mousemove",0,810
810,1535,34405.435000000005,"mousemove",0,810
810,1535,34418.435000000005,"mouseout",0,810
810,1535,34418.435000000005,"mouseover",0,810
810,1535,34418.435000000005,"mousemove",0,810
810,1535,34430.435000000005,"mousemove",0,810
810,1535,34443.435,"mousemove",0,810
810,1535,34455.435000000005,"mousemove",0,810
810,1535,34468.435,"mousemove",0,810
810,1535,34480.435,"mousemove",0,810
810,1535,34493.435000000005,"mousemove",0,810
810,1535,34505.435000000005,"mousemove",0,810
810,1535,34517.435000000005,"mousemove",0,810
810,1535,34530.435000000005,"mousemove",0,810
810,1535,34542.435000000005,"mousemove",0,810
810,1535,34555.435000000005,"mousemove",0,810
810,1535,34567.435000000005,"mousemove",0,810
810,1535,34667.435000000005,"mousemove",0,810
810,1535,34678.435,"mousemove",0,810
810,1535,34691.435000000005,"mousemove",0,810
810,1535,34704.435000000005,"mousemove",0,810
810,1535,34716.435000000005,"mousemove",0,810
810,1535,34729.435000000005,"mousemove",0,810
810,1535,34741.435000000005,"mousemove",0,810
810,1535,34754.435,"mousemove",0,810
810,1535,34766.435,"mousemove",0,810
810,1535,34779.435,"mousemove",0,810
810,1535,34791.435,"mousemove",0,810
810,1535,34804.435000000005,"mousemove",0,810
810,1535,34816.435000000005,"mousemove",0,810
810,1535,34829.435000000005,"mousemove",0,810
810,1535,34841.435000000005,"mousemove",0,810
810,1535,34853.435000000005,"mousemove",0,810
810,1535,34865.435000000005,"mousemove",0,810
810,1535,34878.435000000005,"mousemove",0,810
810,1535,34890.435000000005,"mousemove",0,810
810,1535,34903.435000000005,"mousemove",0,810
810,1535,34915.435000000005,"mousemove",0,810
810,1535,34928.435,"mouseout",0,810
810,1535,34928.435,"mouseover",0,810
810,1535,34928.435,"mousemove",0,810
810,1535,34940.435,"mousemove",0,810
810,1535,34952.435,"mousemove",0,810
810,1535,34964.435000000005,"mouseout",0,810
810,1535,34964.435000000005,"mouseover",0,810
810,1535,34964.435000000005,"mousemove",0,810
810,1535,34976.435000000005,"mousemove",0,810
810,1535,34990.435000000005,"mousemove",0,810
810,1535,35002.435000000005,"mouseout",0,810
810,1535,35002.435000000005,"mouseover",0,810
810,1535,35002.435000000005,"mousemove",0,810
810,1535,35015.435000000005,"mousemove",0,810
810,1535,35027.435000000005,"mouseout",0,810
810,1535,35027.435000000005,"mouseover",0,810
810,1535,35027.435000000005,"mousemove",0,810
810,1535,35040.435000000005,"mousemove",0,810
810,1535,35052.435000000005,"mousemove",0,810
810,1535,35065.435,"mousemove",0,810
810,1535,35077.435,"mousemove",0,810
810,1535,35089.435000000005,"mouseout",0,810
810,1535,35089.435000000005,"mouseover",0,810
810,1535,35089.435000000005,"mousemove",0,810
810,1535,35101.435000000005,"mousemove",0,810
810,1535,35114.435,"mousemove",0,810
810,1535,35126.435,"mousemove",0,810
810,1535,35139.435000000005,"mousemove",0,810
810,1535,35151.435000000005,"mousemove",0,810
810,1535,35164.435000000005,"mousemove",0,810
810,1535,35176.435000000005,"mousemove",0,810
810,1535,35188.435000000005,"mousemove",0,810
810,1535,35201.435000000005,"mousemove",0,810
810,1535,35213.435000000005,"mousemove",0,810
810,1535,35226.435000000005,"mousemove",0,810
810,1535,35238.435000000005,"mousemove",0,810
810,1535,35251.435,"mousemove",0,810
810,1535,35264.435000000005,"mousemove",0,810
810,1535,35276.435000000005,"mousemove",0,810
810,1535,35289.435000000005,"mousemove",0,810
810,1535,35301.435000000005,"mousemove",0,810
810,1535,35313.435000000005,"mousemove",0,810
810,1535,35326.435000000005,"mousemove",0,810
810,1535,35338.435000000005,"mousemove",0,810
810,1535,35351.435000000005,"mousemove",0,810
810,1535,35363.435000000005,"mousemove",0,810
810,1535,35375.435000000005,"mousemove",0,810
810,1535,35387.435000000005,"mousemove",0,810
810,1535,35400.435000000005,"mousemove",0,810
810,1535,35412.435000000005,"mousemove",0,810
810,1535,35425.435,"mouseout",0,810
810,1535,35425.435,"mouseover",0,810
810,1535,35425.435,"mousemove",0,810
810,1535,35437.435,"mousemove",0,810
810,1535,35450.435000000005,"mousemove",0,810
810,1535,35462.435000000005,"mousemove",0,810
810,1535,35475.435000000005,"mousemove",0,810
810,1535,35487.435000000005,"mousemove",0,810
810,1535,35500.435000000005,"mousemove",0,810
810,1535,35513.435,"mousemove",0,810
810,1535,35524.435000000005,"mousemove",0,810
810,1535,35537.435000000005,"mousemove",0,810
810,1535,35549.435000000005,"mousemove",0,810
810,1535,35562.435,"mousemove",0,810
810,1535,35811.435000000005,"mousedown",0,810
810,1535,35813.605,"focusout",0,810
810,1535,35813.79,"focusin",0,810
810,1535,35896.435000000005,"mouseup",0,810
810,1535,35924.945,"scroll",0,812
810,1535,35938,"scroll",0,820
810,1535,35964.01500000001,"scroll",0,826
810,1535,35977.05,"scroll",0,834
810,1535,35990.030000000006,"scroll",0,842
810,1535,36002.935,"scroll",0,864
810,1535,36028.995,"scroll",0,876
810,1535,36042.04,"scroll",0,890
810,1535,36054.94500000001,"scroll",0,921
810,1535,36081.04,"scroll",0,938
810,1535,36094.035,"scroll",0,957
810,1535,36107.045000000006,"scroll",0,976
810,1535,36120.26500000001,"scroll",0,1019
810,1535,36146.025,"scroll",0,1041
810,1535,36159.03,"scroll",0,1065
810,1535,36171.965,"scroll",0,1115
810,1535,36198.08500000001,"scroll",0,1141
810,1535,36211.07,"scroll",0,1168
810,1535,36224.020000000004,"scroll",0,1196
810,1535,36236.955,"scroll",0,1254
810,1535,36263.05,"scroll",0,1284
810,1535,36276.055,"scroll",0,1314
810,1535,36289.005000000005,"scroll",0,1376
810,1535,36315.05,"scroll",0,1408
810,1535,36328.05,"scroll",0,1440
810,1535,36341.04,"scroll",0,1473
810,1535,36353.945,"scroll",0,1538
810,1535,36380.05,"scroll",0,1571
810,1535,36393.225,"scroll",0,1604
810,1535,36405.990000000005,"scroll",0,1670
810,1535,36432.06,"scroll",0,1703
810,1535,36445.025,"scroll",0,1736
810,1535,36458.055,"scroll",0,1769
810,1535,36471.035,"scroll",0,1833
810,1535,36497.025,"scroll",0,1865
810,1535,36510.035,"scroll",0,1896
810,1535,36523.085,"scroll",0,1957
810,1535,36549.07,"scroll",0,1987
810,1535,36562.08500000001,"scroll",0,2016
810,1535,36575.05,"scroll",0,2045
810,1535,36587.990000000005,"scroll",0,2100
810,1535,36614.09500000001,"scroll",0,2126
810,1535,36627.025,"scroll",0,2151
810,1535,36640.005000000005,"scroll",0,2176
810,1535,36654.225000000006,"scroll",0,2222
810,1535,36679.085,"scroll",0,2244
810,1535,36693.435,"mousemove",0,2264
810,1535,36692.05,"scroll",0,2264
810,1535,36705.435000000005,"mousemove",0,2284
810,1535,36717.435000000005,"mousemove",0,2302
810,1535,36705.00000000001,"scroll",0,2302
810,1535,36730.435,"mouseover",0,2319
810,1535,36730.435,"mouseout",0,2319
810,1535,36730.435,"mousemove",0,2319
810,1535,36730.975,"scroll",0,2319
810,1535,36742.435,"mousemove",0,2319
810,1535,36744.215000000004,"scroll",0,2335
810,1535,36755.435000000005,"mousemove",0,2335
810,1535,36767.435000000005,"mousemove",0,2350
810,1535,36756.98,"scroll",0,2350
810,1535,36780.435000000005,"mouseout",0,2365
810,1535,36780.435000000005,"mouseover",0,2365
810,1535,36780.435000000005,"mousemove",0,2365
810,1535,36771.12500000001,"scroll",0,2376
810,1535,36792.435000000005,"mousemove",0,2376
810,1535,36796.05,"scroll",0,2387
810,1535,36804.435000000005,"mousemove",0,2387
810,1535,36817.435000000005,"mousemove",0,2397
810,1535,36809.1,"scroll",0,2397
810,1535,36830.435000000005,"mousemove",0,2406
810,1535,36822.015,"scroll",0,2413
810,1535,36843.435,"mousemove",0,2413
810,1535,36848.03,"scroll",0,2419
810,1535,36855.435,"mousemove",0,2419
810,1535,36867.435,"mousemove",0,2424
810,1535,36861.07000000001,"scroll",0,2424
810,1535,36880.435000000005,"mouseout",0,2427
810,1535,36880.435000000005,"mouseover",0,2427
810,1535,36880.435000000005,"mousemove",0,2427
810,1535,36874.04,"scroll",0,2427
810,1535,36891.435,"mousemove",0,2429
810,1535,36887.415,"scroll",0,2430
810,1535,36904.435000000005,"mousemove",0,2430
810,1535,36916.435,"mouseout",0,2430
810,1535,36916.435,"mouseover",0,2430
810,1535,36916.435,"mousemove",0,2430
810,1535,36929.435000000005,"mousemove",0,2430
810,1535,36941.435000000005,"mouseout",0,2430
810,1535,36941.435000000005,"mouseover",0,2430
810,1535,36941.435000000005,"mousemove",0,2430
810,1535,37403.425,"scroll",0,2431
810,1535,37420.205,"scroll",0,2432
810,1535,37438.9,"scroll",0,2435
810,1535,37453.51,"scroll",0,2439
810,1535,37470.33500000001,"scroll",0,2445
810,1535,37487.435000000005,"scroll",0,2452
810,1535,37504.130000000005,"scroll",0,2463
810,1535,37521.04000000001,"scroll",0,2476
810,1535,37537.47000000001,"scroll",0,2494
810,1535,37553.735,"scroll",0,2515
810,1535,37571.04,"scroll",0,2542
810,1535,37587.340000000004,"scroll",0,2575
810,1535,37604.32,"scroll",0,2618
810,1535,37620.64,"scroll",0,2673
810,1535,37637.075000000004,"scroll",0,2734
810,1535,37654.05,"scroll",0,2799
810,1535,37670.825,"scroll",0,2869
810,1535,37687.08,"scroll",0,2942
810,1535,37703.715000000004,"scroll",0,3010
810,1535,37721.48,"scroll",0,3069
810,1535,37738.105,"scroll",0,3115
810,1535,37754.655,"scroll",0,3146
810,1535,37770.855,"scroll",0,3163
810,1535,37788.245,"scroll",0,3170
810,1535,37803.96000000001,"scroll",0,3172
810,1535,37904.09500000001,"mouseout",0,3172
810,1535,37904.09500000001,"mouseover",0,3172
810,1535,37904.09500000001,"mousemove",0,3172
810,1535,38254.855,"scroll",0,3173
810,1535,38272.21,"scroll",0,3176
810,1535,38288.590000000004,"scroll",0,3180
810,1535,38305.26,"scroll",0,3188
810,1535,38322.215,"scroll",0,3198
810,1535,38338.93000000001,"scroll",0,3212
810,1535,38354.855,"scroll",0,3230
810,1535,38371.97,"scroll",0,3253
810,1535,38388.200000000004,"scroll",0,3280
810,1535,38405.240000000005,"scroll",0,3311
810,1535,38422.09500000001,"scroll",0,3346
810,1535,38439.705,"scroll",0,3384
810,1535,38455.630000000005,"scroll",0,3424
810,1535,38472.095,"scroll",0,3466
810,1535,38488.745,"scroll",0,3507
810,1535,38505.785,"scroll",0,3548
810,1535,38522.98500000001,"scroll",0,3588
810,1535,38539.44000000001,"scroll",0,3626
810,1535,38555.635,"scroll",0,3659
810,1535,38572.52500000001,"scroll",0,3688
810,1535,38588.745,"scroll",0,3710
810,1535,38605.395000000004,"scroll",0,3725
810,1535,38622.205,"scroll",0,3734
810,1535,38638.705,"scroll",0,3738
810,1535,38655.435000000005,"scroll",0,3739
810,1535,38671.83,"scroll",0,3740
810,1535,38689.19,"scroll",0,3737
810,1535,38705.61,"scroll",0,3729
810,1535,38722.075000000004,"scroll",0,3717
810,1535,38739.245,"scroll",0,3700
810,1535,38756.3,"scroll",0,3681
810,1535,38772.01500000001,"scroll",0,3660
810,1535,38789.26000000001,"scroll",0,3639
810,1535,38806.17,"scroll",0,3618
810,1535,38822.280000000006,"scroll",0,3597
810,1535,38839.645000000004,"scroll",0,3579
810,1535,38856.6,"scroll",0,3564
810,1535,38872.81,"scroll",0,3552
810,1535,38888.93,"scroll",0,3545
810,1535,38905.97,"scroll",0,3540
810,1535,38923.145000000004,"scroll",0,3539
810,1535,39023.27500000001,"mousemove",0,3539
810,1535,39323.055,"scroll",0,3540
810,1535,39340.805,"scroll",0,3542
810,1535,39356.435000000005,"scroll",0,3546
810,1535,39373.58500000001,"scroll",0,3554
810,1535,39390.495,"scroll",0,3564
810,1535,39407.325,"scroll",0,3578
810,1535,39424.01500000001,"scroll",0,3595
810,1535,39439.795000000006,"scroll",0,3616
810,1535,39457.01,"scroll",0,3639
810,1535,39473.51500000001,"scroll",0,3663
810,1535,39490.05500000001,"scroll",0,3686
810,1535,39507.200000000004,"scroll",0,3706
810,1535,39523.310000000005,"scroll",0,3722
810,1535,39539.975000000006,"scroll",0,3732
810,1535,39557.06,"scroll",0,3738
810,1535,39573.990000000005,"scroll",0,3740
810,1535,39674.135,"mouseout",0,3740
810,1535,39674.135,"mouseover",0,3740
810,1535,39674.135,"mousemove",0,3740
810,1535,39863.435000000005,"mousemove",0,3740
810,1535,39914.435000000005,"mousemove",0,3740
810,1535,39926.435000000005,"mousemove",0,3740
810,1535,39939.435000000005,"mouseout",0,3740
810,1535,39939.435000000005,"mouseover",0,3740
810,1535,39939.435000000005,"mousemove",0,3740
810,1535,39951.435000000005,"mousemove",0,3740
810,1535,39964.435000000005,"mousemove",0,3740
810,1535,39975.435000000005,"mousemove",0,3740
810,1535,39988.435000000005,"mousemove",0,3740
810,1535,40000.435000000005,"mousemove",0,3740
810,1535,40013.435,"mousemove",0,3740
810,1535,40025.435000000005,"mousemove",0,3740
810,1535,40038.435,"mousemove",0,3740
810,1535,40050.435,"mousemove",0,3740
810,1535,40063.435000000005,"mouseout",0,3740
810,1535,40063.435000000005,"mouseover",0,3740
810,1535,40063.435000000005,"mousemove",0,3740
810,1535,40075.435000000005,"mousemove",0,3740
810,1535,40088.435000000005,"mousemove",0,3740
810,1535,40100.435000000005,"mousemove",0,3740
810,1535,40113.435000000005,"mousemove",0,3740
810,1535,40125.435000000005,"mousemove",0,3740
810,1535,40138.435,"mousemove",0,3740
810,1535,40151.435000000005,"mousemove",0,3740
810,1535,40162.435000000005,"mousemove",0,3740
810,1535,40175.435,"mousemove",0,3740
810,1535,40187.435,"mousemove",0,3740
810,1535,40200.435000000005,"mousemove",0,3740
810,1535,40212.435000000005,"mousemove",0,3740
810,1535,40225.435000000005,"mousemove",0,3740
810,1535,40237.435000000005,"mousemove",0,3740
810,1535,40250.435000000005,"mousemove",0,3740
810,1535,40262.435000000005,"mousemove",0,3740
810,1535,40275.435000000005,"mousemove",0,3740
810,1535,40287.435000000005,"mousemove",0,3740
810,1535,40300.435,"mousemove",0,3740
810,1535,40312.435,"mousemove",0,3740
810,1535,40325.435000000005,"mouseout",0,3740
810,1535,40325.435000000005,"mouseover",0,3740
810,1535,40325.435000000005,"mousemove",0,3740
810,1535,40337.435000000005,"mousemove",0,3740
810,1535,40349.435000000005,"mousemove",0,3740
810,1535,40361.435,"mousemove",0,3740
810,1535,40374.435000000005,"mousemove",0,3740
810,1535,40386.435000000005,"mousemove",0,3740
810,1535,40399.435000000005,"mousemove",0,3740
810,1535,40411.435000000005,"mousemove",0,3740
810,1535,40423.435000000005,"mousemove",0,3740
810,1535,40436.435000000005,"mousemove",0,3740
810,1535,40448.435000000005,"mousemove",0,3740
810,1535,40461.435000000005,"mousemove",0,3740
810,1535,40473.435000000005,"mousemove",0,3740
810,1535,40486.435,"mousemove",0,3740
810,1535,40498.435,"mousemove",0,3740
810,1535,40511.435000000005,"mousemove",0,3740
810,1535,40523.435000000005,"mousemove",0,3740
810,1535,40536.435000000005,"mousemove",0,3740
810,1535,40548.435000000005,"mousemove",0,3740
810,1535,40560.435000000005,"mousemove",0,3740
810,1535,40573.435000000005,"mousemove",0,3740
810,1535,40585.435000000005,"mousemove",0,3740
810,1535,40598.435000000005,"mousemove",0,3740
810,1535,40610.435000000005,"mousemove",0,3740
810,1535,40623.435,"mousemove",0,3740
810,1535,40635.435,"mousemove",0,3740
810,1535,40648.435000000005,"mousemove",0,3740
810,1535,40659.435000000005,"mousemove",0,3740
810,1535,40672.435,"mousemove",0,3740
810,1535,40684.435,"mousemove",0,3740
810,1535,40697.435000000005,"mousemove",0,3740
810,1535,40709.435000000005,"mousemove",0,3740
810,1535,40722.435000000005,"mousemove",0,3740
810,1535,40734.435000000005,"mousemove",0,3740
810,1535,40747.435000000005,"mousemove",0,3740
810,1535,40759.435000000005,"mousemove",0,3740
810,1535,40772.435000000005,"mousemove",0,3740
810,1535,40784.435000000005,"mousemove",0,3740
810,1535,40797.435,"mousemove",0,3740
810,1535,40809.435,"mousemove",0,3740
810,1535,40821.435,"mousemove",0,3740
810,1535,40834.435000000005,"mousemove",0,3740
810,1535,40846.435000000005,"mousemove",0,3740
810,1535,40859.435000000005,"mousemove",0,3740
810,1535,40871.435000000005,"mousemove",0,3740
810,1535,40884.435000000005,"mousemove",0,3740
810,1535,40896.435000000005,"mousemove",0,3740
810,1535,40908.435000000005,"mousemove",0,3740
810,1535,40921.435000000005,"mousemove",0,3740
810,1535,40933.435000000005,"mousemove",0,3740
810,1535,40946.435,"mouseout",0,3740
810,1535,40946.435,"mouseover",0,3740
810,1535,40946.435,"mousemove",0,3740
810,1535,40958.435000000005,"mousemove",0,3740
810,1535,40971.435000000005,"mousemove",0,3740
810,1535,40983.435,"mousemove",0,3740
810,1535,40996.435000000005,"mousemove",0,3740
810,1535,41008.435000000005,"mousemove",0,3740
810,1535,41020.435000000005,"mousemove",0,3740
810,1535,41033.435000000005,"mousemove",0,3740
810,1535,41045.435000000005,"mousemove",0,3740
810,1535,41058.435000000005,"mousemove",0,3740
810,1535,41070.435000000005,"mousemove",0,3740
810,1535,41083.435000000005,"mousemove",0,3740
810,1535,41095.435000000005,"mousemove",0,3740
810,1535,41107.435000000005,"mousemove",0,3740
810,1535,41120.435,"mousemove",0,3740
810,1535,41132.435,"mousemove",0,3740
810,1535,41145.435000000005,"mousemove",0,3740
810,1535,41157.435000000005,"mousemove",0,3740
810,1535,41369.435000000005,"mousemove",0,3740
810,1535,41381.435000000005,"mousemove",0,3740
810,1535,41394.435000000005,"mousemove",0,3740
810,1535,41406.435000000005,"mousemove",0,3740
810,1535,41418.435000000005,"mousemove",0,3740
810,1535,41430.435000000005,"mousemove",0,3740
810,1535,41442.435000000005,"mousemove",0,3740
810,1535,41455.435000000005,"mousemove",0,3740
810,1535,41467.435000000005,"mousemove",0,3740
810,1535,41480.435,"mousemove",0,3740
810,1535,41493.435000000005,"mousemove",0,3740
810,1535,41506.435000000005,"mousemove",0,3740
810,1535,41517.435000000005,"mousemove",0,3740
810,1535,41531.435000000005,"mousemove",0,3740
810,1535,41543.435000000005,"mousemove",0,3740
810,1535,41556.435,"mousemove",0,3740
810,1535,41568.435,"mousemove",0,3740
810,1535,41581.435000000005,"mousemove",0,3740
810,1535,41592.435000000005,"mousemove",0,3740
810,1535,41605.435,"mousemove",0,3740
810,1535,41617.435,"mousemove",0,3740
810,1535,41630.435000000005,"mousemove",0,3740
810,1535,41643.435000000005,"mousemove",0,3740
810,1535,41654.435000000005,"mousemove",0,3740
810,1535,41667.435000000005,"mousemove",0,3740
810,1535,41679.435000000005,"mouseout",0,3740
810,1535,41679.435000000005,"mouseover",0,3740
810,1535,41679.435000000005,"mousemove",0,3740
810,1535,41692.435000000005,"mousemove",0,3740
810,1535,41704.435000000005,"mousemove",0,3740
810,1535,41717.435000000005,"mousemove",0,3740
810,1535,41730.435,"mousemove",0,3740
810,1535,41741.435000000005,"mousemove",0,3740
810,1535,41754.435,"mousemove",0,3740
810,1535,41766.435,"mousemove",0,3740
810,1535,41779.435000000005,"mousemove",0,3740
810,1535,41791.435,"mousemove",0,3740
810,1535,41803.435,"mousemove",0,3740
810,1535,41816.435000000005,"mousemove",0,3740
810,1535,41828.435000000005,"mousemove",0,3740
810,1535,41841.435000000005,"mousemove",0,3740
810,1535,41854.435000000005,"mousemove",0,3740
810,1535,41866.435000000005,"mousemove",0,3740
810,1535,41879.435,"mousemove",0,3740
810,1535,41891.435,"mousemove",0,3740
810,1535,41903.435000000005,"mousemove",0,3740
810,1535,41915.435000000005,"mousemove",0,3740
810,1535,41928.435,"mousemove",0,3740
810,1535,41940.435,"mousemove",0,3740
810,1535,41953.435000000005,"mousemove",0,3740
810,1535,41965.435000000005,"mousemove",0,3740
810,1535,41978.435000000005,"mousemove",0,3740
810,1535,41990.435000000005,"mousemove",0,3740
810,1535,42003.435000000005,"mousemove",0,3740
810,1535,42015.435000000005,"mouseout",0,3740
810,1535,42015.435000000005,"mouseover",0,3740
810,1535,42015.435000000005,"mousemove",0,3740
810,1535,42028.435000000005,"mousemove",0,3740
810,1535,42040.435000000005,"mousemove",0,3740
810,1535,42052.435000000005,"mousemove",0,3740
810,1535,42065.435,"mousemove",0,3740
810,1535,42077.435,"mousemove",0,3740
810,1535,42090.435000000005,"mousemove",0,3740
810,1535,42102.435000000005,"mousemove",0,3740
810,1535,42115.435000000005,"mousemove",0,3740
810,1535,42127.435000000005,"mouseout",0,3740
810,1535,42127.435000000005,"mouseover",0,3740
810,1535,42127.435000000005,"mousemove",0,3740
810,1535,42140.435000000005,"mousemove",0,3740
810,1535,42152.435000000005,"mousemove",0,3740
810,1535,42165.435000000005,"mousemove",0,3740
810,1535,42176.435000000005,"mousemove",0,3740
810,1535,42189.435000000005,"mousemove",0,3740
810,1535,42201.435000000005,"mousemove",0,3740
810,1535,42213.435000000005,"mousemove",0,3740
810,1535,42226.435000000005,"mousemove",0,3740
810,1535,42238.435000000005,"mousemove",0,3740
810,1535,42251.435,"mousemove",0,3740
810,1535,42264.435000000005,"mousemove",0,3740
810,1535,42277.435000000005,"mousemove",0,3740
810,1535,42302.435000000005,"mousemove",0,3740
810,1535,42463.435000000005,"mousemove",0,3740
810,1535,42475.435000000005,"mousemove",0,3740
810,1535,42487.435000000005,"mousemove",0,3740
810,1535,42500.435000000005,"mousemove",0,3740
810,1535,42512.435000000005,"mousemove",0,3740
810,1535,42525.435000000005,"mousemove",0,3740
810,1535,42537.435000000005,"mousemove",0,3740
810,1535,42550.435,"mousemove",0,3740
810,1535,42563.435000000005,"mousemove",0,3740
810,1535,42575.435000000005,"mouseout",0,3740
810,1535,42575.435000000005,"mouseover",0,3740
810,1535,42575.435000000005,"mousemove",0,3740
810,1535,42588.435000000005,"mousemove",0,3740
810,1535,42600.435000000005,"mousemove",0,3740
810,1535,42613.435000000005,"mousemove",0,3740
810,1535,42625.435000000005,"mousemove",0,3740
810,1535,42637.435000000005,"mousemove",0,3740
810,1535,42650.435000000005,"mousemove",0,3740
810,1535,42662.435000000005,"mousemove",0,3740
810,1535,42675.435,"mousemove",0,3740
810,1535,42687.435,"mousemove",0,3740
810,1535,42699.435,"mousemove",0,3740
810,1535,42711.435000000005,"mouseout",0,3740
810,1535,42711.435000000005,"mouseover",0,3740
810,1535,42711.435000000005,"mousemove",0,3740
810,1535,42724.435000000005,"mousemove",0,3740
810,1535,42736.435,"mousemove",0,3740
810,1535,42749.435000000005,"mousemove",0,3740
810,1535,42761.435000000005,"mousemove",0,3740
810,1535,42774.435000000005,"mousemove",0,3740
810,1535,42786.435000000005,"mousemove",0,3740
810,1535,42799.435000000005,"mousemove",0,3740
810,1535,42811.435000000005,"mousemove",0,3740
810,1535,42824.435,"mousemove",0,3740
810,1535,42836.435000000005,"mousemove",0,3740
810,1535,42849.435000000005,"mousemove",0,3740
810,1535,42861.435,"mousemove",0,3740
810,1535,42873.435,"mousemove",0,3740
810,1535,42886.435000000005,"mousemove",0,3740
810,1535,42898.435000000005,"mousemove",0,3740
810,1535,42911.435000000005,"mousemove",0,3740
810,1535,42923.435000000005,"mousemove",0,3740
810,1535,42935.435000000005,"mousemove",0,3740
810,1535,42947.435000000005,"mousemove",0,3740
810,1535,42959.435000000005,"mousemove",0,3740
810,1535,42972.435000000005,"mousemove",0,3740
810,1535,42998.435,"mousemove",0,3740
810,1535,43010.435,"mousemove",0,3740
810,1535,43022.435000000005,"mousemove",0,3740
810,1535,43271.435000000005,"mousemove",0,3740
810,1535,43283.435000000005,"mousemove",0,3740
810,1535,43321.435,"mousemove",0,3740
810,1535,43333.435000000005,"mousemove",0,3740
810,1535,43345.435000000005,"mousemove",0,3740
810,1535,43358.435,"mousemove",0,3740
810,1535,43370.435,"mousemove",0,3740
810,1535,43383.435000000005,"mousemove",0,3740
810,1535,43395.435000000005,"mousemove",0,3740
810,1535,43408.435000000005,"mouseout",0,3740
810,1535,43408.435000000005,"mouseover",0,3740
810,1535,43408.435000000005,"mousemove",0,3740
810,1535,43420.435000000005,"mousemove",0,3740
810,1535,43433.435000000005,"mousemove",0,3740
810,1535,43445.435000000005,"mousemove",0,3740
810,1535,43458.435000000005,"mousemove",0,3740
810,1535,43470.435000000005,"mousemove",0,3740
810,1535,43482.435000000005,"mousemove",0,3740
810,1535,43495.435,"mousemove",0,3740
810,1535,43507.435,"mousemove",0,3740
810,1535,43520.435000000005,"mousemove",0,3740
810,1535,43532.435000000005,"mousemove",0,3740
810,1535,43545.435000000005,"mousemove",0,3740
810,1535,43557.435000000005,"mousemove",0,3740
810,1535,43570.435000000005,"mousemove",0,3740
810,1535,43582.435000000005,"mousemove",0,3740
810,1535,43594.435000000005,"mousemove",0,3740
810,1535,43607.435000000005,"mousemove",0,3740
810,1535,43620.435,"mousemove",0,3740
810,1535,43657.435000000005,"mousemove",0,3740
810,1535,43681.435,"mousemove",0,3740
810,1535,43743.435000000005,"mousemove",0,3740
810,1535,43844.435000000005,"mousemove",0,3740
810,1535,43856.435000000005,"mousemove",0,3740
810,1535,43868.435000000005,"mousemove",0,3740
810,1535,43881.435000000005,"mousemove",0,3740
810,1535,43893.435000000005,"mousemove",0,3740
810,1535,43905.435000000005,"mousemove",0,3740
810,1535,43918.435000000005,"mousemove",0,3740
810,1535,43930.435000000005,"mousemove",0,3740
810,1535,43943.435,"mousemove",0,3740
810,1535,43955.435000000005,"mouseout",0,3740
810,1535,43955.435000000005,"mouseover",0,3740
810,1535,43955.435000000005,"mousemove",0,3740
810,1535,43968.435000000005,"mousemove",0,3740
810,1535,43980.435000000005,"mousemove",0,3740
810,1535,43993.435000000005,"mousemove",0,3740
810,1535,44004.435,"mousemove",0,3740
810,1535,44016.435,"mousemove",0,3740
810,1535,44030.435000000005,"mousemove",0,3740
810,1535,44042.435000000005,"mousemove",0,3740
810,1535,44055.435000000005,"mousemove",0,3740
810,1535,44067.435000000005,"mousemove",0,3740
810,1535,44080.435000000005,"mousemove",0,3740
810,1535,44092.435000000005,"mousemove",0,3740
810,1535,44104.435000000005,"mousemove",0,3740
810,1535,44117.435,"mousemove",0,3740
810,1535,44129.435,"mousemove",0,3740
810,1535,44142.435000000005,"mousemove",0,3740
810,1535,44153.435000000005,"mousemove",0,3740
810,1535,44166.435000000005,"mousemove",0,3740
810,1535,44178.435,"mousemove",0,3740
810,1535,44191.435000000005,"mousemove",0,3740
810,1535,44203.435000000005,"mousemove",0,3740
810,1535,44937.435,"mousemove",0,3740
810,1535,44950.435000000005,"mousemove",0,3740
810,1535,44962.435000000005,"mousemove",0,3740
810,1535,44975.435000000005,"mousemove",0,3740
810,1535,44987.435000000005,"mousemove",0,3740
810,1535,45000.435000000005,"mousemove",0,3740
810,1535,45012.435000000005,"mousemove",0,3740
810,1535,45024.435000000005,"mousemove",0,3740
810,1535,45037.435000000005,"mousemove",0,3740
810,1535,45049.435000000005,"mousemove",0,3740
810,1535,45062.435,"mousemove",0,3740
810,1535,45074.435,"mousemove",0,3740
810,1535,45086.435000000005,"mouseout",0,3740
810,1535,45086.435000000005,"mouseover",0,3740
810,1535,45086.435000000005,"mousemove",0,3740
810,1535,45099.435000000005,"mousemove",0,3740
810,1535,45111.435,"mousemove",0,3740
810,1535,45124.435000000005,"mousemove",0,3740
810,1535,45137.435000000005,"mousemove",0,3740
810,1535,45149.435000000005,"mousemove",0,3740
810,1535,45161.435000000005,"mousemove",0,3740
810,1535,45173.435000000005,"mousemove",0,3740
810,1535,45186.435000000005,"mousemove",0,3740
810,1535,45198.435000000005,"mousemove",0,3740
810,1535,45211.435000000005,"mousemove",0,3740
810,1535,45223.435000000005,"mousemove",0,3740
810,1535,45235.435000000005,"mousemove",0,3740
810,1535,45248.435,"mousemove",0,3740
810,1535,45260.435,"mousemove",0,3740
810,1535,45273.435000000005,"mousemove",0,3740
810,1535,45285.435000000005,"mousemove",0,3740
810,1535,45298.435000000005,"mousemove",0,3740
810,1535,45310.435000000005,"mousemove",0,3740
810,1535,45323.435000000005,"mousemove",0,3740
810,1535,45348.435000000005,"mousemove",0,3740
810,1535,45360.435000000005,"mousemove",0,3740
810,1535,45422.435000000005,"mousemove",0,3740
810,1535,45434.435,"mousemove",0,3740
810,1535,45446.435,"mousemove",0,3740
810,1535,45459.435000000005,"mousemove",0,3740
810,1535,45471.435000000005,"mousemove",0,3740
810,1535,45484.435000000005,"mousemove",0,3740
810,1535,45496.435000000005,"mousemove",0,3740
810,1535,45509.435000000005,"mousemove",0,3740
810,1535,45522.435000000005,"mousemove",0,3740
810,1535,45534.435000000005,"mousemove",0,3740
810,1535,45547.435000000005,"mousemove",0,3740
810,1535,45559.435,"mouseout",0,3740
810,1535,45559.435,"mouseover",0,3740
810,1535,45559.435,"mousemove",0,3740
810,1535,45572.435000000005,"mousemove",0,3740
810,1535,45584.435000000005,"mousemove",0,3740
810,1535,45597.435000000005,"mousemove",0,3740
810,1535,45609.435000000005,"mousemove",0,3740
810,1535,45621.435000000005,"mousemove",0,3740
810,1535,45633.435000000005,"mousemove",0,3740
810,1535,45646.435000000005,"mousemove",0,3740
810,1535,45658.435000000005,"mousemove",0,3740
810,1535,45671.435000000005,"mousemove",0,3740
810,1535,45683.435000000005,"mousemove",0,3740
810,1535,45696.435,"mousemove",0,3740
810,1535,45708.435000000005,"mousemove",0,3740
810,1535,45721.435000000005,"mousemove",0,3740
810,1535,45733.435000000005,"mousemove",0,3740
810,1535,45746.435000000005,"mousemove",0,3740
810,1535,45758.435000000005,"mousemove",0,3740
810,1535,45771.435000000005,"mousemove",0,3740
810,1535,45783.435000000005,"mousemove",0,3740
810,1535,46305.435000000005,"mousemove",0,3740
810,1535,46491.435000000005,"mousemove",0,3740
810,1535,46591.435000000005,"mousemove",0,3740
810,1535,46640.435000000005,"mousemove",0,3740
810,1535,46677.435000000005,"mousemove",0,3740
810,1535,46727.435000000005,"mousemove",0,3740
810,1535,46764.435000000005,"mousemove",0,3740
810,1535,46777.435000000005,"mousemove",0,3740
810,1535,46789.435000000005,"mousemove",0,3740
810,1535,46802.435000000005,"mousemove",0,3740
810,1535,46814.435000000005,"mousemove",0,3740
810,1535,46827.435,"mousemove",0,3740
810,1535,46839.435000000005,"mouseout",0,3740
810,1535,46839.435000000005,"mouseover",0,3740
810,1535,46839.435000000005,"mousemove",0,3740
810,1535,46852.435000000005,"mousemove",0,3740
810,1535,46864.435,"mousemove",0,3740
810,1535,46877.435000000005,"mouseout",0,3740
810,1535,46877.435000000005,"mouseover",0,3740
810,1535,46877.435000000005,"mousemove",0,3740
810,1535,46890.435000000005,"mousemove",0,3740
810,1535,46902.435000000005,"mousemove",0,3740
810,1535,46915.435000000005,"mousemove",0,3740
810,1535,46926.435000000005,"mousemove",0,3740
810,1535,46939.435000000005,"mousemove",0,3740
810,1535,46951.435000000005,"mousemove",0,3740
810,1535,46964.435000000005,"mousemove",0,3740
810,1535,46976.435000000005,"mousemove",0,3740
810,1535,46988.435000000005,"mousemove",0,3740
810,1535,47001.435,"mousemove",0,3740
810,1535,47014.435000000005,"mousemove",0,3740
810,1535,47026.435000000005,"mousemove",0,3740
810,1535,47039.435000000005,"mousemove",0,3740
810,1535,47051.435000000005,"mousemove",0,3740
810,1535,47064.435000000005,"mousemove",0,3740
810,1535,47076.435000000005,"mousemove",0,3740
810,1535,47089.435000000005,"mousemove",0,3740
810,1535,47101.435000000005,"mousemove",0,3740
810,1535,47113.435000000005,"mousemove",0,3740
810,1535,47125.435000000005,"mousemove",0,3740
810,1535,47138.435,"mousemove",0,3740
810,1535,47151.435000000005,"mousemove",0,3740
810,1535,47163.435000000005,"mousemove",0,3740
810,1535,47175.435000000005,"mousemove",0,3740
810,1535,47187.435,"mousemove",0,3740
810,1535,47200.435000000005,"mousemove",0,3740
810,1535,47212.435000000005,"mousemove",0,3740
810,1535,47225.435000000005,"mousemove",0,3740
810,1535,47237.435000000005,"mousemove",0,3740
810,1535,47250.435000000005,"mousemove",0,3740
810,1535,47262.435000000005,"mousemove",0,3740
810,1535,47275.435000000005,"mousemove",0,3740
810,1535,47287.435000000005,"mousemove",0,3740
810,1535,47300.435000000005,"mousemove",0,3740
810,1535,47313.435000000005,"mousemove",0,3740
810,1535,47325.435000000005,"mousemove",0,3740
810,1535,47338.435000000005,"mousemove",0,3740
810,1535,47349.435000000005,"mousemove",0,3740
810,1535,47362.435000000005,"mousemove",0,3740
810,1535,47374.435000000005,"mousemove",0,3740
810,1535,47386.435000000005,"mousemove",0,3740
810,1535,47399.435000000005,"mousemove",0,3740
810,1535,47412.435000000005,"mouseout",0,3740
810,1535,47412.435000000005,"mouseover",0,3740
810,1535,47412.435000000005,"mousemove",0,3740
810,1535,47424.435000000005,"mousemove",0,3740
810,1535,47437.435,"mousemove",0,3740
810,1535,47448.435000000005,"mousemove",0,3740
810,1535,47461.435000000005,"mouseout",0,3740
810,1535,47461.435000000005,"mouseover",0,3740
810,1535,47461.435000000005,"mousemove",0,3740
810,1535,47473.435000000005,"mouseout",0,3740
810,1535,47473.435000000005,"mouseover",0,3740
810,1535,47473.435000000005,"mousemove",0,3740
810,1535,47485.435000000005,"mouseout",0,3740
810,1535,47485.435000000005,"mouseover",0,3740
810,1535,47485.435000000005,"mousemove",0,3740
810,1535,47498.435,"mousemove",0,3740
810,1535,47510.435,"mousemove",0,3740
810,1535,47523.435000000005,"mousemove",0,3740
810,1535,47535.435000000005,"mousemove",0,3740
810,1535,47548.435000000005,"mousemove",0,3740
810,1535,47871.435000000005,"mousemove",0,3740
810,1535,47884.435000000005,"mousemove",0,3740
810,1535,47896.435000000005,"mousemove",0,3740
810,1535,47909.435000000005,"mousemove",0,3740
810,1535,47922.435000000005,"mousemove",0,3740
810,1535,47934.435,"mouseout",0,3740
810,1535,47934.435,"mouseover",0,3740
810,1535,47934.435,"mousemove",0,3740
810,1535,47946.435,"mousemove",0,3740
810,1535,47958.435000000005,"mousemove",0,3740
810,1535,47971.435000000005,"mousemove",0,3740
810,1535,47983.435000000005,"mousemove",0,3740
810,1535,47996.435000000005,"mousemove",0,3740
810,1535,48008.435000000005,"mousemove",0,3740
810,1535,48020.435000000005,"mousemove",0,3740
810,1535,48033.435000000005,"mousemove",0,3740
810,1535,48045.435000000005,"mousemove",0,3740
810,1535,48058.435000000005,"mousemove",0,3740
810,1535,48070.435000000005,"mousemove",0,3740
810,1535,48083.435000000005,"mousemove",0,3740
810,1535,48095.435000000005,"mousemove",0,3740
810,1535,48108.435000000005,"mouseout",0,3740
810,1535,48108.435000000005,"mouseover",0,3740
810,1535,48108.435000000005,"mousemove",0,3740
810,1535,48121.435000000005,"mouseout",0,3740
810,1535,48121.435000000005,"mouseover",0,3740
810,1535,48121.435000000005,"mousemove",0,3740
810,1535,48133.435000000005,"mousemove",0,3740
810,1535,48146.435000000005,"mousemove",0,3740
810,1535,48157.435000000005,"mousemove",0,3740
810,1535,48170.435000000005,"mousemove",0,3740
810,1535,48182.435000000005,"mouseout",0,3740
810,1535,48182.435000000005,"mouseover",0,3740
810,1535,48182.435000000005,"mousemove",0,3740
810,1535,48195.435000000005,"mouseout",0,3740
810,1535,48195.435000000005,"mouseover",0,3740
810,1535,48195.435000000005,"mousemove",0,3740
810,1535,48207.435000000005,"mousemove",0,3740
810,1535,48219.435000000005,"mousemove",0,3740
810,1535,48232.435000000005,"mouseout",0,3740
810,1535,48232.435000000005,"mouseover",0,3740
810,1535,48232.435000000005,"mousemove",0,3740
810,1535,48244.435000000005,"mouseout",0,3740
810,1535,48244.435000000005,"mouseover",0,3740
810,1535,48244.435000000005,"mousemove",0,3740
810,1535,48257.435,"mousemove",0,3740
810,1535,48269.435000000005,"mousemove",0,3740
810,1535,48468.435000000005,"mousemove",0,3740
810,1535,48480.435000000005,"mousemove",0,3740
810,1535,48493.435000000005,"mousemove",0,3740
810,1535,48505.435000000005,"mousemove",0,3740
810,1535,48519.435000000005,"mousemove",0,3740
810,1535,48531.435000000005,"mouseout",0,3740
810,1535,49493.66,"unload",0,3740